{"type": "FeatureCollection", "features": [{"type": "Feature", "geometry": {"type": "Polygon", "coordinates": [[[2.3732931, 48.8444247], [2.3732776, 48.844433], [2.3732837, 48.844438], [2.3732992, 48.8444297], [2.3732931, 48.8444247]]]}, "properties": {"kind": "column", "level": 1.0}}, {"type": "Feature", "geometry": {"type": "Polygon", "coordinates": [[[2.37345, 48.8443385], [2.3734346, 48.8443468], [2.3734414, 48.8443522], [2.3734568, 48.8443439], [2.37345, 48.8443385]]]}, "properties": {"kind": "column", "level": 1.0}}, {"type": "Feature", "geometry": {"type": "Polygon", "coordinates": [[[2.3733982, 48.8443674], [2.3733827, 48.8443757], [2.3733889, 48.8443807], [2.3734043, 48.8443724], [2.3733982, 48.8443674]]]}, "properties": {"kind": "column", "level": 1.0}}, {"type": "Feature", "geometry": {"type": "Polygon", "coordinates": [[[2.3733457, 48.8443968], [2.3733303, 48.8444051], [2.3733364, 48.84441], [2.3733519, 48.8444017], [2.3733457, 48.8443968]]]}, "properties": {"kind": "column", "level": 1.0}}, {"type": "Feature", "geometry": {"type": "Polygon", "coordinates": [[[2.3732409, 48.8444531], [2.3732255, 48.8444614], [2.3732316, 48.8444664], [2.373247, 48.8444581], [2.3732409, 48.8444531]]]}, "properties": {"kind": "column", "level": 1.0}}, {"type": "Feature", "geometry": {"type": "Polygon", "coordinates": [[[2.3740509, 48.8450234], [2.3740355, 48.8450317], [2.3740424, 48.8450372], [2.3740577, 48.8450288], [2.3740509, 48.8450234]]]}, "properties": {"kind": "column", "level": 1.0}}, {"type": "Feature", "geometry": {"type": "Polygon", "coordinates": [[[2.3748228, 48.8449288], [2.3748148, 48.844933], [2.3748061, 48.8449377], [2.3748125, 48.8449429], [2.37482, 48.8449386], [2.374829, 48.8449337], [2.3748228, 48.8449288]]]}, "properties": {"kind": "column", "level": 1.0}}, {"type": "Feature", "geometry": {"type": "Polygon", "coordinates": [[[2.3749807, 48.8448419], [2.374964, 48.8448508], [2.3749702, 48.8448559], [2.3749867, 48.8448468], [2.3749807, 48.8448419]]]}, "properties": {"kind": "column", "level": 1.0}}, {"type": "Feature", "geometry": {"type": "Polygon", "coordinates": [[[2.3753456, 48.8446388], [2.3753374, 48.8446433], [2.3753292, 48.8446478], [2.3753367, 48.8446537], [2.3753448, 48.8446492], [2.375353, 48.8446446], [2.3753456, 48.8446388]]]}, "properties": {"kind": "column", "level": 1.0}}, {"type": "Feature", "geometry": {"type": "Polygon", "coordinates": [[[2.374719, 48.8449867], [2.3747115, 48.8449907], [2.3747023, 48.8449956], [2.3747082, 48.8450005], [2.3747165, 48.8449958], [2.3747247, 48.8449913], [2.374719, 48.8449867]]]}, "properties": {"kind": "column", "level": 1.0}}, {"type": "Feature", "geometry": {"type": "Polygon", "coordinates": [[[2.3756745, 48.844128], [2.3756591, 48.8441363], [2.3756622, 48.8441388], [2.3756652, 48.8441413], [2.3756806, 48.844133], [2.3756775, 48.8441305], [2.3756745, 48.844128]]]}, "properties": {"kind": "column", "level": 1.0}}, {"type": "Feature", "geometry": {"type": "Polygon", "coordinates": [[[2.374298, 48.8452167], [2.3742813, 48.8452257], [2.3742877, 48.8452309], [2.3743044, 48.845222], [2.374298, 48.8452167]]]}, "properties": {"kind": "column", "level": 1.0}}, {"type": "Feature", "geometry": {"type": "Polygon", "coordinates": [[[2.3750851, 48.8447842], [2.3750772, 48.8447885], [2.3750684, 48.8447932], [2.3750747, 48.8447983], [2.3750827, 48.8447938], [2.3750912, 48.8447891], [2.3750851, 48.8447842]]]}, "properties": {"kind": "column", "level": 1.0}}, {"type": "Feature", "geometry": {"type": "Polygon", "coordinates": [[[2.3758316, 48.8440412], [2.3758166, 48.8440495], [2.3758194, 48.8440516], [2.3758224, 48.8440539], [2.3758376, 48.8440456], [2.3758348, 48.8440435], [2.3758316, 48.8440412]]]}, "properties": {"kind": "column", "level": 1.0}}, {"type": "Feature", "geometry": {"type": "Polygon", "coordinates": [[[2.3745091, 48.845103], [2.3744924, 48.845112], [2.3744979, 48.8451165], [2.3745145, 48.8451074], [2.3745091, 48.845103]]]}, "properties": {"kind": "column", "level": 1.0}}, {"type": "Feature", "geometry": {"type": "Polygon", "coordinates": [[[2.374349, 48.8451896], [2.3743329, 48.8451982], [2.3743394, 48.8452034], [2.3743555, 48.8451947], [2.374349, 48.8451896]]]}, "properties": {"kind": "column", "level": 1.0}}, {"type": "Feature", "geometry": {"type": "Polygon", "coordinates": [[[2.3751368, 48.8447546], [2.3751201, 48.8447636], [2.3751272, 48.8447693], [2.3751436, 48.8447602], [2.3751368, 48.8447546]]]}, "properties": {"kind": "column", "level": 1.0}}, {"type": "Feature", "geometry": {"type": "Polygon", "coordinates": [[[2.3745614, 48.8450737], [2.3745447, 48.8450826], [2.3745506, 48.8450874], [2.3745671, 48.8450783], [2.3745614, 48.8450737]]]}, "properties": {"kind": "column", "level": 1.0}}, {"type": "Feature", "geometry": {"type": "Polygon", "coordinates": [[[2.3749273, 48.844871], [2.3749105, 48.84488], [2.3749171, 48.8448852], [2.3749335, 48.8448761], [2.3749273, 48.844871]]]}, "properties": {"kind": "column", "level": 1.0}}, {"type": "Feature", "geometry": {"type": "Polygon", "coordinates": [[[2.3747708, 48.8449576], [2.3747541, 48.8449665], [2.3747604, 48.8449717], [2.374777, 48.8449625], [2.3747708, 48.8449576]]]}, "properties": {"kind": "column", "level": 1.0}}, {"type": "Feature", "geometry": {"type": "Polygon", "coordinates": [[[2.3750324, 48.8448126], [2.3750157, 48.8448216], [2.3750225, 48.8448271], [2.375039, 48.8448179], [2.3750324, 48.8448126]]]}, "properties": {"kind": "column", "level": 1.0}}, {"type": "Feature", "geometry": {"type": "Polygon", "coordinates": [[[2.3752948, 48.844668], [2.3752781, 48.844677], [2.3752847, 48.8446824], [2.3753014, 48.8446731], [2.3752948, 48.844668]]]}, "properties": {"kind": "column", "level": 1.0}}, {"type": "Feature", "geometry": {"type": "Polygon", "coordinates": [[[2.3746143, 48.8450444], [2.3746067, 48.8450485], [2.3745975, 48.8450532], [2.3746035, 48.8450582], [2.3746114, 48.8450539], [2.3746201, 48.8450491], [2.3746143, 48.8450444]]]}, "properties": {"kind": "column", "level": 1.0}}, {"type": "Feature", "geometry": {"type": "Polygon", "coordinates": [[[2.3746665, 48.8450151], [2.3746498, 48.845024], [2.3746562, 48.8450292], [2.3746727, 48.84502], [2.3746665, 48.8450151]]]}, "properties": {"kind": "column", "level": 1.0}}, {"type": "Feature", "geometry": {"type": "Polygon", "coordinates": [[[2.3757792, 48.8440701], [2.3757639, 48.8440786], [2.3757665, 48.8440806], [2.3757695, 48.8440829], [2.3757847, 48.8440745], [2.375782, 48.8440723], [2.3757792, 48.8440701]]]}, "properties": {"kind": "column", "level": 1.0}}, {"type": "Feature", "geometry": {"type": "Polygon", "coordinates": [[[2.3744049, 48.8451605], [2.3743882, 48.8451695], [2.3743945, 48.8451746], [2.3744112, 48.8451656], [2.3744049, 48.8451605]]]}, "properties": {"kind": "column", "level": 1.0}}, {"type": "Feature", "geometry": {"type": "Polygon", "coordinates": [[[2.3751894, 48.8447258], [2.3751727, 48.8447348], [2.3751796, 48.8447404], [2.3751961, 48.8447313], [2.3751894, 48.8447258]]]}, "properties": {"kind": "column", "level": 1.0}}, {"type": "Feature", "geometry": {"type": "Polygon", "coordinates": [[[2.3757273, 48.8440996], [2.3757119, 48.8441079], [2.3757144, 48.8441098], [2.375717, 48.8441118], [2.3757322, 48.8441034], [2.3757294, 48.8441011], [2.3757273, 48.8440996]]]}, "properties": {"kind": "column", "level": 1.0}}, {"type": "Feature", "geometry": {"type": "Polygon", "coordinates": [[[2.3741059, 48.8449943], [2.3740892, 48.8450033], [2.3740957, 48.8450081], [2.3741017, 48.8450051], [2.3741121, 48.8449994], [2.3741095, 48.8449973], [2.3741059, 48.8449943]]]}, "properties": {"kind": "column", "level": 1.0}}, {"type": "Feature", "geometry": {"type": "Polygon", "coordinates": [[[2.3744565, 48.8451312], [2.374448, 48.8451361], [2.3744403, 48.8451406], [2.3744466, 48.8451452], [2.3744538, 48.845141], [2.3744628, 48.8451358], [2.3744565, 48.8451312]]]}, "properties": {"kind": "column", "level": 1.0}}, {"type": "Feature", "geometry": {"type": "Polygon", "coordinates": [[[2.3752419, 48.844697], [2.3752252, 48.844706], [2.375232, 48.8447115], [2.3752485, 48.8447024], [2.3752419, 48.844697]]]}, "properties": {"kind": "column", "level": 1.0}}, {"type": "Feature", "geometry": {"type": "Polygon", "coordinates": [[[2.3748761, 48.8448996], [2.3748686, 48.8449036], [2.3748594, 48.8449086], [2.3748657, 48.8449137], [2.3748742, 48.8449091], [2.3748821, 48.8449045], [2.3748761, 48.8448996]]]}, "properties": {"kind": "column", "level": 1.0}}, {"type": "Feature", "geometry": {"type": "Polygon", "coordinates": [[[2.3773083, 48.8435717], [2.3773135, 48.8435754], [2.3773173, 48.843573], [2.3773121, 48.8435694], [2.3773083, 48.8435717]]]}, "properties": {"kind": "column", "level": 1.0}}, {"type": "Feature", "geometry": {"type": "Polygon", "coordinates": [[[2.376662, 48.844054], [2.3766671, 48.8440577], [2.3766709, 48.8440553], [2.3766658, 48.8440517], [2.376662, 48.844054]]]}, "properties": {"kind": "column", "level": 1.0}}, {"type": "Feature", "geometry": {"type": "Polygon", "coordinates": [[[2.3773177, 48.84369], [2.3773229, 48.8436936], [2.3773267, 48.8436913], [2.3773215, 48.8436877], [2.3773177, 48.84369]]]}, "properties": {"kind": "column", "level": 1.0}}, {"type": "Feature", "geometry": {"type": "Polygon", "coordinates": [[[2.3767982, 48.8439778], [2.3768033, 48.8439814], [2.3768071, 48.8439791], [2.376802, 48.8439754], [2.3767982, 48.8439778]]]}, "properties": {"kind": "column", "level": 1.0}}, {"type": "Feature", "geometry": {"type": "Polygon", "coordinates": [[[2.3762979, 48.8439651], [2.3763031, 48.8439687], [2.3763069, 48.8439663], [2.3763017, 48.8439627], [2.3762979, 48.8439651]]]}, "properties": {"kind": "column", "level": 1.0}}, {"type": "Feature", "geometry": {"type": "Polygon", "coordinates": [[[2.3767466, 48.8438749], [2.3767517, 48.8438786], [2.3767555, 48.8438762], [2.3767504, 48.8438726], [2.3767466, 48.8438749]]]}, "properties": {"kind": "column", "level": 1.0}}, {"type": "Feature", "geometry": {"type": "Polygon", "coordinates": [[[2.3774477, 48.8436204], [2.3774528, 48.843624], [2.3774566, 48.8436217], [2.3774515, 48.843618], [2.3774477, 48.8436204]]]}, "properties": {"kind": "column", "level": 1.0}}, {"type": "Feature", "geometry": {"type": "Polygon", "coordinates": [[[2.3761113, 48.8440656], [2.3761165, 48.8440693], [2.3761203, 48.8440669], [2.3761151, 48.8440633], [2.3761113, 48.8440656]]]}, "properties": {"kind": "column", "level": 1.0}}, {"type": "Feature", "geometry": {"type": "Polygon", "coordinates": [[[2.3763452, 48.8442511], [2.3763504, 48.8442548], [2.3763542, 48.8442524], [2.376349, 48.8442488], [2.3763452, 48.8442511]]]}, "properties": {"kind": "column", "level": 1.0}}, {"type": "Feature", "geometry": {"type": "Polygon", "coordinates": [[[2.3771685, 48.8436473], [2.3771736, 48.843651], [2.3771775, 48.8436486], [2.3771723, 48.843645], [2.3771685, 48.8436473]]]}, "properties": {"kind": "column", "level": 1.0}}, {"type": "Feature", "geometry": {"type": "Polygon", "coordinates": [[[2.376518, 48.8441323], [2.3765232, 48.8441359], [2.376527, 48.8441336], [2.3765218, 48.8441299], [2.376518, 48.8441323]]]}, "properties": {"kind": "column", "level": 1.0}}, {"type": "Feature", "geometry": {"type": "Polygon", "coordinates": [[[2.3770279, 48.8437231], [2.377033, 48.8437267], [2.3770368, 48.8437244], [2.3770317, 48.8437207], [2.3770279, 48.8437231]]]}, "properties": {"kind": "column", "level": 1.0}}, {"type": "Feature", "geometry": {"type": "Polygon", "coordinates": [[[2.3769377, 48.8439026], [2.3769429, 48.8439062], [2.3769467, 48.8439039], [2.3769415, 48.8439002], [2.3769377, 48.8439026]]]}, "properties": {"kind": "column", "level": 1.0}}, {"type": "Feature", "geometry": {"type": "Polygon", "coordinates": [[[2.3765566, 48.8439784], [2.3765618, 48.843982], [2.3765656, 48.8439797], [2.3765605, 48.843976], [2.3765566, 48.8439784]]]}, "properties": {"kind": "column", "level": 1.0}}, {"type": "Feature", "geometry": {"type": "Polygon", "coordinates": [[[2.3771899, 48.843761], [2.3771951, 48.8437646], [2.3771989, 48.8437623], [2.3771937, 48.8437587], [2.3771899, 48.843761]]]}, "properties": {"kind": "column", "level": 1.0}}, {"type": "Feature", "geometry": {"type": "Polygon", "coordinates": [[[2.3764127, 48.8440559], [2.3764178, 48.8440595], [2.3764217, 48.8440572], [2.3764165, 48.8440536], [2.3764127, 48.8440559]]]}, "properties": {"kind": "column", "level": 1.0}}, {"type": "Feature", "geometry": {"type": "Polygon", "coordinates": [[[2.3758006, 48.8439416], [2.3758058, 48.8439452], [2.3758096, 48.8439429], [2.3758045, 48.8439393], [2.3758006, 48.8439416]]]}, "properties": {"kind": "column", "level": 1.0}}, {"type": "Feature", "geometry": {"type": "Polygon", "coordinates": [[[2.3774498, 48.843496], [2.3774549, 48.8434996], [2.3774587, 48.8434973], [2.3774536, 48.8434937], [2.3774498, 48.843496]]]}, "properties": {"kind": "column", "level": 1.0}}, {"type": "Feature", "geometry": {"type": "Polygon", "coordinates": [[[2.3759345, 48.8438608], [2.3759397, 48.8438644], [2.3759435, 48.8438621], [2.3759383, 48.8438584], [2.3759345, 48.8438608]]]}, "properties": {"kind": "column", "level": 1.0}}, {"type": "Feature", "geometry": {"type": "Polygon", "coordinates": [[[2.3762267, 48.8441573], [2.3762319, 48.8441609], [2.3762357, 48.8441586], [2.3762306, 48.8441549], [2.3762267, 48.8441573]]]}, "properties": {"kind": "column", "level": 1.0}}, {"type": "Feature", "geometry": {"type": "Polygon", "coordinates": [[[2.3768872, 48.8437994], [2.3768924, 48.843803], [2.3768962, 48.8438006], [2.376891, 48.843797], [2.3768872, 48.8437994]]]}, "properties": {"kind": "column", "level": 1.0}}, {"type": "Feature", "geometry": {"type": "Polygon", "coordinates": [[[2.3758338, 48.8434064], [2.375839, 48.84341], [2.3758428, 48.8434077], [2.3758376, 48.8434041], [2.3758338, 48.8434064]]]}, "properties": {"kind": "column", "level": 1.0}}, {"type": "Feature", "geometry": {"type": "Polygon", "coordinates": [[[2.3761946, 48.8433211], [2.3761998, 48.8433248], [2.3762036, 48.8433224], [2.3761984, 48.8433188], [2.3761946, 48.8433211]]]}, "properties": {"kind": "column", "level": 1.0}}, {"type": "Feature", "geometry": {"type": "Polygon", "coordinates": [[[2.3774917, 48.8428484], [2.3774969, 48.8428521], [2.3775007, 48.8428497], [2.3774955, 48.8428461], [2.3774917, 48.8428484]]]}, "properties": {"kind": "column", "level": 1.0}}, {"type": "Feature", "geometry": {"type": "Polygon", "coordinates": [[[2.3770704, 48.8430748], [2.3770755, 48.8430784], [2.3770793, 48.8430761], [2.3770742, 48.8430724], [2.3770704, 48.8430748]]]}, "properties": {"kind": "column", "level": 1.0}}, {"type": "Feature", "geometry": {"type": "Polygon", "coordinates": [[[2.3765129, 48.8438493], [2.376518, 48.8438529], [2.3765218, 48.8438506], [2.3765167, 48.843847], [2.3765129, 48.8438493]]]}, "properties": {"kind": "column", "level": 1.0}}, {"type": "Feature", "geometry": {"type": "Polygon", "coordinates": [[[2.3772111, 48.8428119], [2.3772163, 48.8428156], [2.3772201, 48.8428132], [2.377215, 48.8428096], [2.3772111, 48.8428119]]]}, "properties": {"kind": "column", "level": 1.0}}, {"type": "Feature", "geometry": {"type": "Polygon", "coordinates": [[[2.376357, 48.8436328], [2.3763621, 48.8436365], [2.376366, 48.8436341], [2.3763608, 48.8436305], [2.376357, 48.8436328]]]}, "properties": {"kind": "column", "level": 1.0}}, {"type": "Feature", "geometry": {"type": "Polygon", "coordinates": [[[2.3766486, 48.8431153], [2.3766537, 48.8431189], [2.3766575, 48.8431166], [2.3766524, 48.8431129], [2.3766486, 48.8431153]]]}, "properties": {"kind": "column", "level": 1.0}}, {"type": "Feature", "geometry": {"type": "Polygon", "coordinates": [[[2.37707, 48.8428873], [2.3770751, 48.8428909], [2.3770789, 48.8428886], [2.3770738, 48.842885], [2.37707, 48.8428873]]]}, "properties": {"kind": "column", "level": 1.0}}, {"type": "Feature", "geometry": {"type": "Polygon", "coordinates": [[[2.3774827, 48.8430272], [2.3774878, 48.8430308], [2.3774916, 48.8430285], [2.3774865, 48.8430249], [2.3774827, 48.8430272]]]}, "properties": {"kind": "column", "level": 1.0}}, {"type": "Feature", "geometry": {"type": "Polygon", "coordinates": [[[2.3762257, 48.8435293], [2.3762308, 48.8435329], [2.3762347, 48.8435305], [2.3762295, 48.8435269], [2.3762257, 48.8435293]]]}, "properties": {"kind": "column", "level": 1.0}}, {"type": "Feature", "geometry": {"type": "Polygon", "coordinates": [[[2.3769196, 48.8433302], [2.3769247, 48.8433338], [2.3769285, 48.8433315], [2.3769234, 48.8433279], [2.3769196, 48.8433302]]]}, "properties": {"kind": "column", "level": 1.0}}, {"type": "Feature", "geometry": {"type": "Polygon", "coordinates": [[[2.3773415, 48.8431028], [2.3773466, 48.8431064], [2.3773504, 48.8431041], [2.3773453, 48.8431004], [2.3773415, 48.8431028]]]}, "properties": {"kind": "column", "level": 1.0}}, {"type": "Feature", "geometry": {"type": "Polygon", "coordinates": [[[2.3771957, 48.843482], [2.3772009, 48.8434856], [2.3772047, 48.8434833], [2.3771995, 48.8434797], [2.3771957, 48.843482]]]}, "properties": {"kind": "column", "level": 1.0}}, {"type": "Feature", "geometry": {"type": "Polygon", "coordinates": [[[2.375671, 48.8436414], [2.3756761, 48.843645], [2.3756799, 48.8436427], [2.3756748, 48.843639], [2.375671, 48.8436414]]]}, "properties": {"kind": "column", "level": 1.0}}, {"type": "Feature", "geometry": {"type": "Polygon", "coordinates": [[[2.3767792, 48.8434058], [2.3767843, 48.8434094], [2.3767882, 48.8434071], [2.376783, 48.8434034], [2.3767792, 48.8434058]]]}, "properties": {"kind": "column", "level": 1.0}}, {"type": "Feature", "geometry": {"type": "Polygon", "coordinates": [[[2.3755212, 48.8437227], [2.3755264, 48.8437263], [2.3755302, 48.8437239], [2.3755251, 48.8437203], [2.3755212, 48.8437227]]]}, "properties": {"kind": "column", "level": 1.0}}, {"type": "Feature", "geometry": {"type": "Polygon", "coordinates": [[[2.3766484, 48.8433022], [2.3766536, 48.8433058], [2.3766574, 48.8433035], [2.3766523, 48.8432999], [2.3766484, 48.8433022]]]}, "properties": {"kind": "column", "level": 1.0}}, {"type": "Feature", "geometry": {"type": "Polygon", "coordinates": [[[2.3769144, 48.8436339], [2.3769196, 48.8436375], [2.3769234, 48.8436351], [2.3769182, 48.8436315], [2.3769144, 48.8436339]]]}, "properties": {"kind": "column", "level": 1.0}}, {"type": "Feature", "geometry": {"type": "Polygon", "coordinates": [[[2.3760569, 48.8433974], [2.3760621, 48.843401], [2.3760659, 48.8433987], [2.3760608, 48.843395], [2.3760569, 48.8433974]]]}, "properties": {"kind": "column", "level": 1.0}}, {"type": "Feature", "geometry": {"type": "Polygon", "coordinates": [[[2.3765077, 48.8431914], [2.3765128, 48.843195], [2.3765166, 48.8431927], [2.3765115, 48.843189], [2.3765077, 48.8431914]]]}, "properties": {"kind": "column", "level": 1.0}}, {"type": "Feature", "geometry": {"type": "Polygon", "coordinates": [[[2.3772107, 48.8429998], [2.3772159, 48.8430034], [2.3772197, 48.8430011], [2.3772145, 48.8429974], [2.3772107, 48.8429998]]]}, "properties": {"kind": "column", "level": 1.0}}, {"type": "Feature", "geometry": {"type": "Polygon", "coordinates": [[[2.3767891, 48.8432266], [2.3767942, 48.8432303], [2.376798, 48.8432279], [2.3767929, 48.8432243], [2.3767891, 48.8432266]]]}, "properties": {"kind": "column", "level": 1.0}}, {"type": "Feature", "geometry": {"type": "Polygon", "coordinates": [[[2.3764421, 48.8438877], [2.3764473, 48.8438913], [2.3764511, 48.843889], [2.3764459, 48.8438854], [2.3764421, 48.8438877]]]}, "properties": {"kind": "column", "level": 1.0}}, {"type": "Feature", "geometry": {"type": "Polygon", "coordinates": [[[2.3767732, 48.8437092], [2.3767784, 48.8437129], [2.3767822, 48.8437105], [2.3767771, 48.8437069], [2.3767732, 48.8437092]]]}, "properties": {"kind": "column", "level": 1.0}}, {"type": "Feature", "geometry": {"type": "Polygon", "coordinates": [[[2.3759377, 48.8434972], [2.3759428, 48.8435008], [2.3759466, 48.8434985], [2.3759415, 48.8434949], [2.3759377, 48.8434972]]]}, "properties": {"kind": "column", "level": 1.0}}, {"type": "Feature", "geometry": {"type": "Polygon", "coordinates": [[[2.3773519, 48.8429237], [2.3773571, 48.8429273], [2.3773609, 48.8429249], [2.3773557, 48.8429213], [2.3773519, 48.8429237]]]}, "properties": {"kind": "column", "level": 1.0}}, {"type": "Feature", "geometry": {"type": "Polygon", "coordinates": [[[2.3766383, 48.8434815], [2.3766434, 48.8434851], [2.3766472, 48.8434828], [2.3766421, 48.8434792], [2.3766383, 48.8434815]]]}, "properties": {"kind": "column", "level": 1.0}}, {"type": "Feature", "geometry": {"type": "Polygon", "coordinates": [[[2.3769285, 48.8429627], [2.3769337, 48.8429663], [2.3769375, 48.842964], [2.3769323, 48.8429603], [2.3769285, 48.8429627]]]}, "properties": {"kind": "column", "level": 1.0}}, {"type": "Feature", "geometry": {"type": "Polygon", "coordinates": [[[2.3773512, 48.8427367], [2.3773564, 48.8427403], [2.3773602, 48.842738], [2.377355, 48.8427344], [2.3773512, 48.8427367]]]}, "properties": {"kind": "column", "level": 1.0}}, {"type": "Feature", "geometry": {"type": "Polygon", "coordinates": [[[2.3763672, 48.8434541], [2.3763723, 48.8434577], [2.3763761, 48.8434553], [2.376371, 48.8434517], [2.3763672, 48.8434541]]]}, "properties": {"kind": "column", "level": 1.0}}, {"type": "Feature", "geometry": {"type": "Polygon", "coordinates": [[[2.3764976, 48.8435573], [2.3765028, 48.8435609], [2.3765066, 48.8435585], [2.3765015, 48.8435549], [2.3764976, 48.8435573]]]}, "properties": {"kind": "column", "level": 1.0}}, {"type": "Feature", "geometry": {"type": "Polygon", "coordinates": [[[2.3767884, 48.8430392], [2.3767936, 48.8430428], [2.3767974, 48.8430404], [2.3767922, 48.8430368], [2.3767884, 48.8430392]]]}, "properties": {"kind": "column", "level": 1.0}}, {"type": "Feature", "geometry": {"type": "Polygon", "coordinates": [[[2.3772006, 48.8431785], [2.3772057, 48.8431822], [2.3772095, 48.8431798], [2.3772044, 48.8431762], [2.3772006, 48.8431785]]]}, "properties": {"kind": "column", "level": 1.0}}, {"type": "Feature", "geometry": {"type": "Polygon", "coordinates": [[[2.3765078, 48.8433778], [2.3765129, 48.8433814], [2.3765168, 48.8433791], [2.3765116, 48.8433754], [2.3765078, 48.8433778]]]}, "properties": {"kind": "column", "level": 1.0}}, {"type": "Feature", "geometry": {"type": "Polygon", "coordinates": [[[2.3774767, 48.8433301], [2.3774819, 48.8433338], [2.3774857, 48.8433314], [2.3774805, 48.8433278], [2.3774767, 48.8433301]]]}, "properties": {"kind": "column", "level": 1.0}}, {"type": "Feature", "geometry": {"type": "Polygon", "coordinates": [[[2.3770602, 48.8432541], [2.3770654, 48.8432577], [2.3770692, 48.8432554], [2.377064, 48.8432517], [2.3770602, 48.8432541]]]}, "properties": {"kind": "column", "level": 1.0}}, {"type": "Feature", "geometry": {"type": "Polygon", "coordinates": [[[2.3773363, 48.8434059], [2.3773415, 48.8434095], [2.3773453, 48.8434072], [2.3773402, 48.8434036], [2.3773363, 48.8434059]]]}, "properties": {"kind": "column", "level": 1.0}}, {"type": "Feature", "geometry": {"type": "Polygon", "coordinates": [[[2.376367, 48.8432669], [2.3763722, 48.8432706], [2.376376, 48.8432682], [2.3763708, 48.8432646], [2.376367, 48.8432669]]]}, "properties": {"kind": "column", "level": 1.0}}, {"type": "Feature", "geometry": {"type": "Polygon", "coordinates": [[[2.3769289, 48.8431509], [2.376934, 48.8431545], [2.3769379, 48.8431522], [2.3769327, 48.8431485], [2.3769289, 48.8431509]]]}, "properties": {"kind": "column", "level": 1.0}}, {"type": "Feature", "geometry": {"type": "Polygon", "coordinates": [[[2.3766331, 48.8437852], [2.3766383, 48.8437888], [2.3766421, 48.8437865], [2.376637, 48.8437828], [2.3766331, 48.8437852]]]}, "properties": {"kind": "column", "level": 1.0}}, {"type": "Feature", "geometry": {"type": "Polygon", "coordinates": [[[2.3770556, 48.8435581], [2.3770608, 48.8435617], [2.3770646, 48.8435594], [2.3770594, 48.8435558], [2.3770556, 48.8435581]]]}, "properties": {"kind": "column", "level": 1.0}}, {"type": "Feature", "geometry": {"type": "LineString", "coordinates": [[2.3755577, 48.844197], [2.3755215, 48.8442176]]}, "properties": {"kind": "wall", "level": 1.0}}, {"type": "Feature", "geometry": {"type": "LineString", "coordinates": [[2.3754682, 48.8442465], [2.3755061, 48.8442259]]}, "properties": {"kind": "wall", "level": 1.0}}, {"type": "Feature", "geometry": {"type": "LineString", "coordinates": [[2.3756622, 48.8441388], [2.3756257, 48.8441597]]}, "properties": {"kind": "wall", "level": 1.0}}, {"type": "Feature", "geometry": {"type": "LineString", "coordinates": [[2.3756103, 48.844168], [2.3755731, 48.8441887]]}, "properties": {"kind": "wall", "level": 1.0}}, {"type": "Feature", "geometry": {"type": "LineString", "coordinates": [[2.3754157, 48.844275], [2.3754528, 48.8442548]]}, "properties": {"kind": "wall", "level": 1.0}}, {"type": "Feature", "geometry": {"type": "Polygon", "coordinates": [[[2.3755185, 48.8442152], [2.3755031, 48.8442235], [2.3755061, 48.8442259], [2.3755092, 48.8442285], [2.3755246, 48.8442202], [2.3755215, 48.8442176], [2.3755185, 48.8442152]]]}, "properties": {"kind": "column", "level": 1.0}}, {"type": "Feature", "geometry": {"type": "Polygon", "coordinates": [[[2.3754128, 48.8442725], [2.3754031, 48.8442784], [2.3753985, 48.8442811], [2.3754014, 48.8442838], [2.3754046, 48.8442863], [2.3754094, 48.8442836], [2.3754194, 48.8442782], [2.3754157, 48.844275], [2.3754128, 48.8442725]]]}, "properties": {"kind": "column", "level": 1.0}}, {"type": "Feature", "geometry": {"type": "Polygon", "coordinates": [[[2.3755701, 48.8441863], [2.3755547, 48.8441946], [2.3755577, 48.844197], [2.3755608, 48.8441996], [2.3755762, 48.8441913], [2.3755731, 48.8441887], [2.3755701, 48.8441863]]]}, "properties": {"kind": "column", "level": 1.0}}, {"type": "Feature", "geometry": {"type": "Polygon", "coordinates": [[[2.3754652, 48.8442441], [2.3754498, 48.8442524], [2.3754528, 48.8442548], [2.3754559, 48.8442574], [2.3754713, 48.8442491], [2.3754682, 48.8442465], [2.3754652, 48.8442441]]]}, "properties": {"kind": "column", "level": 1.0}}, {"type": "Feature", "geometry": {"type": "Polygon", "coordinates": [[[2.3756227, 48.8441572], [2.3756073, 48.8441655], [2.3756103, 48.844168], [2.3756134, 48.8441705], [2.3756288, 48.8441622], [2.3756257, 48.8441597], [2.3756227, 48.8441572]]]}, "properties": {"kind": "column", "level": 1.0}}, {"type": "Feature", "geometry": {"type": "Polygon", "coordinates": [[[2.3741579, 48.8449667], [2.3741426, 48.8449751], [2.3741455, 48.8449775], [2.374148, 48.8449794], [2.3741634, 48.844971], [2.3741613, 48.8449693], [2.3741579, 48.8449667]]]}, "properties": {"kind": "column", "level": 1.0}}, {"type": "Feature", "geometry": {"type": "Polygon", "coordinates": [[[2.37421, 48.8449383], [2.3742008, 48.8449433], [2.3741945, 48.8449465], [2.3741978, 48.8449493], [2.3742009, 48.8449518], [2.3742089, 48.8449477], [2.3742162, 48.8449434], [2.3742137, 48.8449414], [2.37421, 48.8449383]]]}, "properties": {"kind": "column", "level": 1.0}}, {"type": "Feature", "geometry": {"type": "Polygon", "coordinates": [[[2.374262, 48.844909], [2.3742458, 48.8449176], [2.3742504, 48.8449213], [2.3742538, 48.8449241], [2.37427, 48.8449155], [2.3742664, 48.8449126], [2.374262, 48.844909]]]}, "properties": {"kind": "column", "level": 1.0}}, {"type": "Feature", "geometry": {"type": "Polygon", "coordinates": [[[2.3755432, 48.8445998], [2.3755563, 48.8446102], [2.3755604, 48.844608], [2.3755626, 48.8446068], [2.3755494, 48.8445964], [2.3755432, 48.8445998]]]}, "properties": {"kind": "column", "level": 1.0}}, {"type": "Feature", "geometry": {"type": "Polygon", "coordinates": [[[2.3757447, 48.8445468], [2.3757507, 48.8445515], [2.3757593, 48.8445581], [2.3757612, 48.844557], [2.3757661, 48.8445542], [2.3757516, 48.8445429], [2.375748, 48.8445449], [2.3757447, 48.8445468]]]}, "properties": {"kind": "column", "level": 1.0}}, {"type": "Feature", "geometry": {"type": "Polygon", "coordinates": [[[2.3755838, 48.8446343], [2.3756, 48.8446461], [2.3756076, 48.8446417], [2.3755973, 48.8446341], [2.3755914, 48.8446298], [2.3755893, 48.844631], [2.3755838, 48.8446343]]]}, "properties": {"kind": "column", "level": 1.0}}, {"type": "Feature", "geometry": {"type": "Polygon", "coordinates": [[[2.375701, 48.8445118], [2.3757163, 48.8445237], [2.3757185, 48.8445225], [2.3757232, 48.8445199], [2.3757079, 48.844508], [2.3757036, 48.8445104], [2.375701, 48.8445118]]]}, "properties": {"kind": "column", "level": 1.0}}, {"type": "Feature", "geometry": {"type": "Polygon", "coordinates": [[[2.3760985, 48.8444726], [2.3760964, 48.8444733], [2.3760948, 48.8444745], [2.3760939, 48.8444759], [2.3760939, 48.8444775], [2.3760947, 48.844479], [2.3760962, 48.8444802], [2.3760987, 48.8444811], [2.3761016, 48.8444812], [2.3761043, 48.8444805], [2.3761063, 48.8444792], [2.3761073, 48.8444774], [2.376107, 48.8444755], [2.3761058, 48.8444739], [2.3761037, 48.8444728], [2.3761011, 48.8444723], [2.3760985, 48.8444726]]]}, "properties": {"kind": "column", "level": 0.0}}, {"type": "Feature", "geometry": {"type": "Polygon", "coordinates": [[[2.3766724, 48.8445229], [2.3766703, 48.8445236], [2.3766688, 48.8445248], [2.3766679, 48.8445262], [2.3766679, 48.8445278], [2.3766686, 48.8445293], [2.3766701, 48.8445305], [2.3766727, 48.8445314], [2.3766755, 48.8445315], [2.3766782, 48.8445308], [2.3766802, 48.8445295], [2.3766812, 48.8445277], [2.376681, 48.8445258], [2.3766797, 48.8445242], [2.3766777, 48.8445231], [2.3766751, 48.8445226], [2.3766724, 48.8445229]]]}, "properties": {"kind": "column", "level": 0.0}}, {"type": "Feature", "geometry": {"type": "Polygon", "coordinates": [[[2.3765748, 48.8444157], [2.3765718, 48.8444167], [2.3765695, 48.8444184], [2.3765682, 48.8444206], [2.3765682, 48.8444227], [2.3765694, 48.8444249], [2.3765715, 48.8444266], [2.3765751, 48.8444279], [2.3765793, 48.8444281], [2.3765832, 48.8444272], [2.376586, 48.8444252], [2.3765875, 48.8444226], [2.3765871, 48.8444199], [2.3765853, 48.8444177], [2.3765823, 48.8444161], [2.3765786, 48.8444154], [2.3765748, 48.8444157]]]}, "properties": {"kind": "column", "level": 0.0}}, {"type": "Feature", "geometry": {"type": "Polygon", "coordinates": [[[2.3754922, 48.8438591], [2.3754901, 48.8438599], [2.3754885, 48.843861], [2.3754877, 48.8438625], [2.3754876, 48.8438641], [2.3754884, 48.8438656], [2.3754899, 48.8438668], [2.3754925, 48.8438677], [2.3754953, 48.8438678], [2.375498, 48.8438671], [2.3755, 48.8438658], [2.375501, 48.843864], [2.3755008, 48.8438621], [2.3754995, 48.8438605], [2.3754974, 48.8438594], [2.3754949, 48.8438589], [2.3754922, 48.8438591]]]}, "properties": {"kind": "column", "level": 0.0}}, {"type": "Feature", "geometry": {"type": "Polygon", "coordinates": [[[2.3759053, 48.8443211], [2.3759032, 48.8443218], [2.3759016, 48.844323], [2.3759007, 48.8443244], [2.3759007, 48.844326], [2.3759015, 48.8443275], [2.3759025, 48.8443282], [2.375903, 48.8443287], [2.3759055, 48.8443296], [2.3759084, 48.8443297], [2.3759111, 48.844329], [2.3759131, 48.8443277], [2.3759141, 48.8443259], [2.3759138, 48.844324], [2.3759126, 48.8443225], [2.3759105, 48.8443213], [2.3759079, 48.8443209], [2.3759053, 48.8443211]]]}, "properties": {"kind": "column", "level": 0.0}}, {"type": "Feature", "geometry": {"type": "Polygon", "coordinates": [[[2.375816, 48.8439766], [2.3758139, 48.8439774], [2.3758123, 48.8439785], [2.3758115, 48.84398], [2.3758114, 48.8439816], [2.3758122, 48.843983], [2.3758137, 48.8439842], [2.3758163, 48.8439851], [2.3758191, 48.8439853], [2.3758218, 48.8439846], [2.3758238, 48.8439832], [2.3758248, 48.8439815], [2.3758246, 48.8439796], [2.3758233, 48.843978], [2.3758212, 48.8439769], [2.3758187, 48.8439764], [2.375816, 48.8439766]]]}, "properties": {"kind": "column", "level": 0.0}}, {"type": "Feature", "geometry": {"type": "Polygon", "coordinates": [[[2.3764326, 48.8444961], [2.3764305, 48.8444968], [2.3764289, 48.844498], [2.376428, 48.8444994], [2.376428, 48.844501], [2.3764288, 48.8445025], [2.3764303, 48.8445037], [2.3764328, 48.8445046], [2.3764357, 48.8445047], [2.3764384, 48.844504], [2.3764404, 48.8445027], [2.3764413, 48.8445009], [2.3764411, 48.844499], [2.3764399, 48.8444975], [2.3764378, 48.8444964], [2.3764352, 48.8444959], [2.3764326, 48.8444961]]]}, "properties": {"kind": "column", "level": 0.0}}, {"type": "Feature", "geometry": {"type": "Polygon", "coordinates": [[[2.3761815, 48.8442628], [2.3761794, 48.8442636], [2.3761778, 48.8442647], [2.3761769, 48.8442662], [2.3761769, 48.8442678], [2.3761777, 48.8442692], [2.3761792, 48.8442704], [2.3761817, 48.8442713], [2.3761846, 48.8442715], [2.3761872, 48.8442708], [2.3761893, 48.8442694], [2.3761902, 48.8442676], [2.37619, 48.8442658], [2.3761887, 48.8442642], [2.3761867, 48.8442631], [2.3761841, 48.8442626], [2.3761815, 48.8442628]]]}, "properties": {"kind": "column", "level": 0.0}}, {"type": "Feature", "geometry": {"type": "Polygon", "coordinates": [[[2.3761346, 48.8449085], [2.3761325, 48.8449092], [2.3761309, 48.8449104], [2.3761301, 48.8449118], [2.37613, 48.8449134], [2.3761308, 48.8449149], [2.3761323, 48.8449161], [2.3761349, 48.844917], [2.3761377, 48.8449171], [2.3761404, 48.8449164], [2.3761424, 48.8449151], [2.3761434, 48.8449133], [2.3761432, 48.8449114], [2.3761419, 48.8449099], [2.3761398, 48.8449088], [2.3761373, 48.8449083], [2.3761346, 48.8449085]]]}, "properties": {"kind": "column", "level": 0.0}}, {"type": "Feature", "geometry": {"type": "Polygon", "coordinates": [[[2.3755663, 48.8437794], [2.3755643, 48.8437801], [2.3755627, 48.8437813], [2.3755618, 48.8437828], [2.3755618, 48.8437843], [2.3755625, 48.8437858], [2.3755641, 48.843787], [2.3755666, 48.8437879], [2.3755695, 48.843788], [2.3755721, 48.8437874], [2.3755741, 48.843786], [2.3755751, 48.8437842], [2.3755749, 48.8437823], [2.3755736, 48.8437808], [2.3755716, 48.8437797], [2.375569, 48.8437792], [2.3755663, 48.8437794]]]}, "properties": {"kind": "column", "level": 0.0}}, {"type": "Feature", "geometry": {"type": "Polygon", "coordinates": [[[2.3766945, 48.8445108], [2.3766925, 48.8445116], [2.3766909, 48.8445128], [2.37669, 48.8445142], [2.37669, 48.8445158], [2.3766907, 48.8445173], [2.3766923, 48.8445185], [2.3766948, 48.8445194], [2.3766977, 48.8445195], [2.3767003, 48.8445188], [2.3767023, 48.8445175], [2.3767033, 48.8445157], [2.3767031, 48.8445138], [2.3767018, 48.8445122], [2.3766998, 48.8445111], [2.3766972, 48.8445106], [2.3766945, 48.8445108]]]}, "properties": {"kind": "column", "level": 0.0}}, {"type": "Feature", "geometry": {"type": "Polygon", "coordinates": [[[2.3757352, 48.8439127], [2.3757331, 48.8439135], [2.3757315, 48.8439147], [2.3757306, 48.8439161], [2.3757306, 48.8439177], [2.3757314, 48.8439192], [2.3757329, 48.8439204], [2.3757354, 48.8439213], [2.3757383, 48.8439214], [2.375741, 48.8439207], [2.375743, 48.8439194], [2.3757439, 48.8439176], [2.3757437, 48.8439157], [2.3757425, 48.8439141], [2.3757404, 48.843913], [2.3757378, 48.8439125], [2.3757352, 48.8439127]]]}, "properties": {"kind": "column", "level": 0.0}}, {"type": "Feature", "geometry": {"type": "Polygon", "coordinates": [[[2.3759757, 48.8443762], [2.3759736, 48.8443769], [2.375972, 48.8443781], [2.3759712, 48.8443796], [2.3759711, 48.8443811], [2.3759719, 48.8443826], [2.3759734, 48.8443838], [2.3759759, 48.8443847], [2.3759788, 48.8443848], [2.3759815, 48.8443842], [2.3759835, 48.8443828], [2.3759845, 48.844381], [2.3759842, 48.8443791], [2.375983, 48.8443776], [2.3759809, 48.8443765], [2.3759783, 48.844376], [2.3759757, 48.8443762]]]}, "properties": {"kind": "column", "level": 0.0}}, {"type": "Feature", "geometry": {"type": "Polygon", "coordinates": [[[2.3768519, 48.8444245], [2.3768498, 48.8444252], [2.3768482, 48.8444264], [2.3768474, 48.8444279], [2.3768473, 48.8444294], [2.3768481, 48.8444309], [2.3768496, 48.8444321], [2.3768521, 48.844433], [2.376855, 48.8444331], [2.3768577, 48.8444324], [2.3768597, 48.8444311], [2.3768607, 48.8444293], [2.3768604, 48.8444274], [2.3768592, 48.8444259], [2.3768571, 48.8444248], [2.3768546, 48.8444243], [2.3768519, 48.8444245]]]}, "properties": {"kind": "column", "level": 0.0}}, {"type": "Feature", "geometry": {"type": "Polygon", "coordinates": [[[2.3759786, 48.8439681], [2.3759765, 48.8439689], [2.375975, 48.84397], [2.3759741, 48.8439715], [2.375974, 48.8439731], [2.3759748, 48.8439745], [2.3759763, 48.8439757], [2.3759789, 48.8439766], [2.3759817, 48.8439768], [2.3759844, 48.8439761], [2.3759864, 48.8439747], [2.3759874, 48.8439729], [2.3759872, 48.8439711], [2.3759859, 48.8439695], [2.3759838, 48.8439684], [2.3759813, 48.8439679], [2.3759786, 48.8439681]]]}, "properties": {"kind": "column", "level": 0.0}}, {"type": "Feature", "geometry": {"type": "Polygon", "coordinates": [[[2.3756845, 48.8440104], [2.3756824, 48.8440111], [2.3756808, 48.8440123], [2.37568, 48.8440137], [2.3756799, 48.8440153], [2.3756807, 48.8440168], [2.3756822, 48.844018], [2.3756847, 48.8440189], [2.3756876, 48.844019], [2.3756903, 48.8440183], [2.3756923, 48.844017], [2.3756933, 48.8440152], [2.375693, 48.8440133], [2.3756918, 48.8440118], [2.3756897, 48.8440107], [2.3756871, 48.8440102], [2.3756845, 48.8440104]]]}, "properties": {"kind": "column", "level": 0.0}}, {"type": "Feature", "geometry": {"type": "Polygon", "coordinates": [[[2.3765011, 48.8446177], [2.376499, 48.8446184], [2.3764974, 48.8446196], [2.3764966, 48.844621], [2.3764965, 48.8446226], [2.3764973, 48.8446241], [2.3764988, 48.8446253], [2.3765013, 48.8446262], [2.3765042, 48.8446263], [2.3765069, 48.8446256], [2.3765089, 48.8446243], [2.3765099, 48.8446225], [2.3765096, 48.8446206], [2.3765084, 48.8446191], [2.3765063, 48.844618], [2.3765037, 48.8446175], [2.3765011, 48.8446177]]]}, "properties": {"kind": "column", "level": 0.0}}, {"type": "Feature", "geometry": {"type": "Polygon", "coordinates": [[[2.3761119, 48.8449203], [2.3761098, 48.844921], [2.3761082, 48.8449222], [2.3761073, 48.8449236], [2.3761073, 48.8449252], [2.3761081, 48.8449267], [2.3761096, 48.8449279], [2.3761121, 48.8449288], [2.376115, 48.8449289], [2.3761177, 48.8449282], [2.3761197, 48.8449269], [2.3761207, 48.8449251], [2.3761204, 48.8449232], [2.3761192, 48.8449217], [2.3761171, 48.8449206], [2.3761145, 48.8449201], [2.3761119, 48.8449203]]]}, "properties": {"kind": "column", "level": 0.0}}, {"type": "Feature", "geometry": {"type": "Polygon", "coordinates": [[[2.3762824, 48.8442059], [2.3762798, 48.8442068], [2.3762779, 48.8442082], [2.3762768, 48.84421], [2.3762768, 48.844212], [2.3762777, 48.8442137], [2.3762796, 48.8442152], [2.3762826, 48.8442163], [2.3762862, 48.8442165], [2.3762895, 48.8442157], [2.376292, 48.844214], [2.3762932, 48.8442118], [2.3762928, 48.8442095], [2.3762914, 48.8442076], [2.3762888, 48.8442062], [2.3762856, 48.8442056], [2.3762824, 48.8442059]]]}, "properties": {"kind": "column", "level": 0.0}}, {"type": "Feature", "geometry": {"type": "Polygon", "coordinates": [[[2.3767368, 48.8443409], [2.3767397, 48.8443399], [2.3767419, 48.8443383], [2.3767432, 48.8443363], [2.3767432, 48.8443341], [2.3767421, 48.844332], [2.37674, 48.8443303], [2.3767365, 48.8443291], [2.3767325, 48.844329], [2.3767288, 48.8443299], [2.376726, 48.8443317], [2.3767246, 48.8443342], [2.376725, 48.8443369], [2.3767267, 48.8443389], [2.3767296, 48.8443405], [2.3767332, 48.8443412], [2.3767368, 48.8443409]]]}, "properties": {"kind": "column", "level": -1.0}}, {"type": "Feature", "geometry": {"type": "Polygon", "coordinates": [[[2.3767368, 48.8443409], [2.3767397, 48.8443399], [2.3767419, 48.8443383], [2.3767432, 48.8443363], [2.3767432, 48.8443341], [2.3767421, 48.844332], [2.37674, 48.8443303], [2.3767365, 48.8443291], [2.3767325, 48.844329], [2.3767288, 48.8443299], [2.376726, 48.8443317], [2.3767246, 48.8443342], [2.376725, 48.8443369], [2.3767267, 48.8443389], [2.3767296, 48.8443405], [2.3767332, 48.8443412], [2.3767368, 48.8443409]]]}, "properties": {"kind": "column", "level": 0.0}}, {"type": "Feature", "geometry": {"type": "Polygon", "coordinates": [[[2.3762128, 48.8441517], [2.3762107, 48.8441525], [2.3762091, 48.8441536], [2.3762083, 48.8441551], [2.3762082, 48.8441567], [2.376209, 48.8441582], [2.3762105, 48.8441594], [2.376213, 48.8441603], [2.3762159, 48.8441604], [2.3762186, 48.8441597], [2.3762206, 48.8441584], [2.3762216, 48.8441566], [2.3762213, 48.8441547], [2.3762201, 48.8441531], [2.376218, 48.844152], [2.3762154, 48.8441515], [2.3762128, 48.8441517]]]}, "properties": {"kind": "column", "level": 0.0}}, {"type": "Feature", "geometry": {"type": "Polygon", "coordinates": [[[2.3757058, 48.8438898], [2.3757037, 48.8438905], [2.3757021, 48.8438917], [2.3757012, 48.8438931], [2.3757012, 48.8438947], [2.375702, 48.8438962], [2.3757035, 48.8438974], [2.375706, 48.8438983], [2.3757089, 48.8438984], [2.3757115, 48.8438977], [2.3757136, 48.8438964], [2.3757145, 48.8438946], [2.3757143, 48.8438927], [2.375713, 48.8438912], [2.375711, 48.84389], [2.3757084, 48.8438896], [2.3757058, 48.8438898]]]}, "properties": {"kind": "column", "level": 0.0}}, {"type": "Feature", "geometry": {"type": "Polygon", "coordinates": [[[2.3763587, 48.8446954], [2.3763566, 48.8446961], [2.3763551, 48.8446973], [2.3763542, 48.8446988], [2.3763542, 48.8447003], [2.3763549, 48.8447018], [2.3763564, 48.844703], [2.376359, 48.8447039], [2.3763618, 48.844704], [2.3763645, 48.8447034], [2.3763665, 48.844702], [2.3763675, 48.8447002], [2.3763673, 48.8446983], [2.376366, 48.8446968], [2.3763639, 48.8446957], [2.3763614, 48.8446952], [2.3763587, 48.8446954]]]}, "properties": {"kind": "column", "level": 0.0}}, {"type": "Feature", "geometry": {"type": "Polygon", "coordinates": [[[2.376225, 48.8447696], [2.3762229, 48.8447703], [2.3762213, 48.8447715], [2.3762204, 48.844773], [2.3762204, 48.8447745], [2.3762212, 48.844776], [2.3762227, 48.8447772], [2.3762252, 48.8447781], [2.3762281, 48.8447783], [2.3762308, 48.8447776], [2.3762328, 48.8447762], [2.3762338, 48.8447744], [2.3762335, 48.8447726], [2.3762323, 48.844771], [2.3762302, 48.8447699], [2.3762276, 48.8447694], [2.376225, 48.8447696]]]}, "properties": {"kind": "column", "level": 0.0}}, {"type": "Feature", "geometry": {"type": "Polygon", "coordinates": [[[2.3760785, 48.8443196], [2.3760764, 48.8443203], [2.3760748, 48.8443215], [2.376074, 48.8443229], [2.3760739, 48.8443245], [2.3760747, 48.844326], [2.3760762, 48.8443272], [2.3760787, 48.8443281], [2.3760816, 48.8443282], [2.3760843, 48.8443275], [2.3760863, 48.8443262], [2.3760873, 48.8443244], [2.3760871, 48.8443225], [2.3760858, 48.8443209], [2.3760837, 48.8443198], [2.3760812, 48.8443194], [2.3760785, 48.8443196]]]}, "properties": {"kind": "column", "level": 0.0}}, {"type": "Feature", "geometry": {"type": "Polygon", "coordinates": [[[2.3756307, 48.8439687], [2.3756286, 48.8439695], [2.3756271, 48.8439706], [2.3756262, 48.8439721], [2.3756262, 48.8439737], [2.3756269, 48.8439752], [2.3756284, 48.8439764], [2.375631, 48.8439773], [2.3756338, 48.8439774], [2.3756365, 48.8439767], [2.3756385, 48.8439753], [2.3756395, 48.8439736], [2.3756393, 48.8439717], [2.375638, 48.8439701], [2.375636, 48.843969], [2.3756334, 48.8439685], [2.3756307, 48.8439687]]]}, "properties": {"kind": "column", "level": 0.0}}, {"type": "Feature", "geometry": {"type": "Polygon", "coordinates": [[[2.3767098, 48.8443417], [2.3767069, 48.8443427], [2.3767047, 48.8443443], [2.3767035, 48.8443462], [2.3767035, 48.8443484], [2.3767046, 48.8443504], [2.3767066, 48.8443521], [2.37671, 48.8443533], [2.376714, 48.8443534], [2.3767177, 48.8443525], [2.3767204, 48.8443507], [2.3767217, 48.8443483], [2.3767213, 48.8443457], [2.3767197, 48.8443436], [2.3767168, 48.8443421], [2.3767133, 48.8443415], [2.3767098, 48.8443417]]]}, "properties": {"kind": "column", "level": 0.0}}, {"type": "Feature", "geometry": {"type": "Polygon", "coordinates": [[[2.3760452, 48.8448683], [2.3760431, 48.844869], [2.3760415, 48.8448702], [2.3760407, 48.8448716], [2.3760406, 48.8448732], [2.3760414, 48.8448747], [2.3760429, 48.8448759], [2.3760455, 48.8448768], [2.3760483, 48.8448769], [2.376051, 48.8448762], [2.376053, 48.8448749], [2.376054, 48.8448731], [2.3760538, 48.8448712], [2.3760525, 48.8448697], [2.3760504, 48.8448686], [2.3760479, 48.8448681], [2.3760452, 48.8448683]]]}, "properties": {"kind": "column", "level": 0.0}}, {"type": "Feature", "geometry": {"type": "Polygon", "coordinates": [[[2.3759559, 48.8442234], [2.3759538, 48.8442242], [2.3759522, 48.8442253], [2.3759514, 48.8442268], [2.3759513, 48.8442284], [2.3759521, 48.8442298], [2.3759536, 48.844231], [2.3759561, 48.8442319], [2.375959, 48.8442321], [2.3759617, 48.8442314], [2.3759637, 48.84423], [2.3759647, 48.8442283], [2.3759644, 48.8442264], [2.3759632, 48.8442248], [2.3759611, 48.8442237], [2.3759585, 48.8442232], [2.3759559, 48.8442234]]]}, "properties": {"kind": "column", "level": 0.0}}, {"type": "Feature", "geometry": {"type": "Polygon", "coordinates": [[[2.37624, 48.8446021], [2.3762379, 48.8446029], [2.3762363, 48.844604], [2.3762355, 48.8446055], [2.3762354, 48.8446071], [2.3762362, 48.8446085], [2.3762372, 48.8446093], [2.3762377, 48.8446097], [2.3762402, 48.8446106], [2.3762431, 48.8446108], [2.3762458, 48.8446101], [2.3762478, 48.8446087], [2.3762488, 48.8446069], [2.3762485, 48.8446051], [2.3762474, 48.8446036], [2.3762452, 48.8446024], [2.3762426, 48.8446019], [2.37624, 48.8446021]]]}, "properties": {"kind": "column", "level": 0.0}}, {"type": "Feature", "geometry": {"type": "Polygon", "coordinates": [[[2.3762623, 48.8445899], [2.3762607, 48.8445904], [2.3762602, 48.8445906], [2.3762586, 48.8445918], [2.3762578, 48.8445932], [2.3762577, 48.8445948], [2.3762585, 48.8445963], [2.3762593, 48.844597], [2.37626, 48.8445975], [2.3762626, 48.8445984], [2.3762654, 48.8445985], [2.3762681, 48.8445978], [2.3762701, 48.8445965], [2.3762711, 48.8445947], [2.3762709, 48.8445928], [2.3762696, 48.8445913], [2.3762675, 48.8445901], [2.376265, 48.8445897], [2.3762623, 48.8445899]]]}, "properties": {"kind": "column", "level": 0.0}}, {"type": "Feature", "geometry": {"type": "Polygon", "coordinates": [[[2.3762338, 48.8443042], [2.3762318, 48.8443049], [2.3762302, 48.8443061], [2.3762293, 48.8443076], [2.3762293, 48.8443091], [2.37623, 48.8443106], [2.3762316, 48.8443118], [2.3762341, 48.8443127], [2.376237, 48.8443128], [2.3762396, 48.8443121], [2.3762416, 48.8443108], [2.3762426, 48.844309], [2.3762424, 48.8443071], [2.3762411, 48.8443056], [2.3762391, 48.8443045], [2.3762365, 48.844304], [2.3762338, 48.8443042]]]}, "properties": {"kind": "column", "level": 0.0}}, {"type": "Feature", "geometry": {"type": "Polygon", "coordinates": [[[2.3754631, 48.8438366], [2.375461, 48.8438373], [2.3754594, 48.8438385], [2.3754586, 48.8438399], [2.3754585, 48.8438415], [2.3754593, 48.843843], [2.3754608, 48.8438442], [2.3754634, 48.8438451], [2.3754662, 48.8438452], [2.3754689, 48.8438445], [2.3754709, 48.8438432], [2.3754719, 48.8438414], [2.3754717, 48.8438395], [2.3754704, 48.843838], [2.3754683, 48.8438369], [2.3754658, 48.8438364], [2.3754631, 48.8438366]]]}, "properties": {"kind": "column", "level": 0.0}}, {"type": "Feature", "geometry": {"type": "Polygon", "coordinates": [[[2.3755946, 48.8438029], [2.3755925, 48.8438036], [2.3755909, 48.8438048], [2.3755901, 48.8438062], [2.37559, 48.8438078], [2.3755908, 48.8438093], [2.3755923, 48.8438105], [2.3755948, 48.8438114], [2.3755977, 48.8438115], [2.3756004, 48.8438108], [2.3756024, 48.8438095], [2.3756034, 48.8438077], [2.3756032, 48.8438058], [2.3756019, 48.8438043], [2.3755998, 48.8438032], [2.3755973, 48.8438027], [2.3755946, 48.8438029]]]}, "properties": {"kind": "column", "level": 0.0}}, {"type": "Feature", "geometry": {"type": "Polygon", "coordinates": [[[2.3755446, 48.8439006], [2.3755425, 48.8439014], [2.375541, 48.8439025], [2.3755401, 48.843904], [2.37554, 48.8439056], [2.3755408, 48.843907], [2.3755423, 48.8439082], [2.3755449, 48.8439091], [2.3755477, 48.8439093], [2.3755504, 48.8439086], [2.3755524, 48.8439072], [2.3755534, 48.8439055], [2.3755532, 48.8439036], [2.3755519, 48.843902], [2.3755498, 48.8439009], [2.3755473, 48.8439004], [2.3755446, 48.8439006]]]}, "properties": {"kind": "column", "level": 0.0}}, {"type": "Feature", "geometry": {"type": "Polygon", "coordinates": [[[2.376028, 48.8444176], [2.3760259, 48.8444183], [2.3760243, 48.8444195], [2.3760234, 48.844421], [2.3760234, 48.8444225], [2.3760242, 48.844424], [2.3760257, 48.8444252], [2.3760282, 48.8444261], [2.3760311, 48.8444262], [2.3760338, 48.8444256], [2.3760358, 48.8444242], [2.3760368, 48.8444224], [2.3760365, 48.8444205], [2.3760353, 48.844419], [2.3760332, 48.8444179], [2.3760306, 48.8444174], [2.376028, 48.8444176]]]}, "properties": {"kind": "column", "level": 0.0}}, {"type": "Feature", "geometry": {"type": "Polygon", "coordinates": [[[2.3760083, 48.8442644], [2.3760062, 48.8442651], [2.3760046, 48.8442663], [2.3760038, 48.8442677], [2.3760037, 48.8442693], [2.3760045, 48.8442708], [2.376006, 48.844272], [2.3760085, 48.8442729], [2.3760114, 48.844273], [2.3760141, 48.8442723], [2.3760161, 48.844271], [2.3760171, 48.8442692], [2.3760168, 48.8442673], [2.3760156, 48.8442658], [2.3760135, 48.8442646], [2.376011, 48.8442642], [2.3760083, 48.8442644]]]}, "properties": {"kind": "column", "level": 0.0}}, {"type": "Feature", "geometry": {"type": "Polygon", "coordinates": [[[2.3769863, 48.8443506], [2.3769842, 48.8443513], [2.3769826, 48.8443525], [2.3769817, 48.8443539], [2.3769817, 48.8443555], [2.3769825, 48.844357], [2.376984, 48.8443582], [2.3769865, 48.8443591], [2.3769894, 48.8443592], [2.3769921, 48.8443585], [2.3769941, 48.8443572], [2.3769951, 48.8443554], [2.3769948, 48.8443535], [2.3769936, 48.844352], [2.3769915, 48.8443508], [2.3769889, 48.8443504], [2.3769863, 48.8443506]]]}, "properties": {"kind": "column", "level": 0.0}}, {"type": "Feature", "geometry": {"type": "Polygon", "coordinates": [[[2.3760836, 48.8446882], [2.3760815, 48.844689], [2.3760799, 48.8446902], [2.3760791, 48.8446916], [2.376079, 48.8446932], [2.3760798, 48.8446947], [2.3760809, 48.8446955], [2.3760813, 48.8446959], [2.3760839, 48.8446968], [2.3760867, 48.8446969], [2.3760894, 48.8446962], [2.3760914, 48.8446949], [2.3760924, 48.8446931], [2.3760922, 48.8446912], [2.3760911, 48.8446899], [2.3760909, 48.8446896], [2.3760888, 48.8446885], [2.3760863, 48.844688], [2.3760836, 48.8446882]]]}, "properties": {"kind": "column", "level": 0.0}}, {"type": "Feature", "geometry": {"type": "Polygon", "coordinates": [[[2.3757828, 48.8442251], [2.3757807, 48.8442258], [2.3757791, 48.844227], [2.3757783, 48.8442285], [2.3757782, 48.84423], [2.375779, 48.8442315], [2.3757805, 48.8442327], [2.375783, 48.8442336], [2.3757859, 48.8442337], [2.3757886, 48.844233], [2.3757906, 48.8442317], [2.3757916, 48.8442299], [2.3757913, 48.844228], [2.3757901, 48.8442265], [2.375788, 48.8442254], [2.3757854, 48.8442249], [2.3757828, 48.8442251]]]}, "properties": {"kind": "column", "level": 0.0}}, {"type": "Feature", "geometry": {"type": "Polygon", "coordinates": [[[2.376068, 48.8448557], [2.3760659, 48.8448565], [2.3760643, 48.8448576], [2.3760634, 48.8448591], [2.3760634, 48.8448607], [2.3760642, 48.8448621], [2.3760657, 48.8448633], [2.3760682, 48.8448642], [2.3760711, 48.8448644], [2.3760737, 48.8448637], [2.3760758, 48.8448623], [2.3760767, 48.8448606], [2.3760765, 48.8448587], [2.3760752, 48.8448571], [2.3760732, 48.844856], [2.3760706, 48.8448555], [2.376068, 48.8448557]]]}, "properties": {"kind": "column", "level": 0.0}}, {"type": "Feature", "geometry": {"type": "Polygon", "coordinates": [[[2.3763353, 48.8442471], [2.3763328, 48.8442479], [2.3763309, 48.8442494], [2.3763298, 48.8442512], [2.3763298, 48.844253], [2.3763308, 48.8442548], [2.3763326, 48.8442562], [2.3763356, 48.8442573], [2.3763391, 48.8442574], [2.3763411, 48.844257], [2.3763421, 48.8442566], [2.3763446, 48.844255], [2.3763458, 48.8442528], [2.3763455, 48.8442506], [2.376344, 48.8442488], [2.3763416, 48.8442475], [2.3763385, 48.8442469], [2.3763353, 48.8442471]]]}, "properties": {"kind": "column", "level": 0.0}}, {"type": "Feature", "geometry": {"type": "Polygon", "coordinates": [[[2.3756764, 48.8438667], [2.3756743, 48.8438674], [2.3756727, 48.8438686], [2.3756719, 48.8438701], [2.3756718, 48.8438716], [2.3756726, 48.8438731], [2.3756741, 48.8438743], [2.3756766, 48.8438752], [2.3756795, 48.8438753], [2.3756822, 48.8438747], [2.3756842, 48.8438733], [2.3756852, 48.8438715], [2.375685, 48.8438696], [2.3756837, 48.8438681], [2.3756816, 48.843867], [2.3756791, 48.8438665], [2.3756764, 48.8438667]]]}, "properties": {"kind": "column", "level": 0.0}}, {"type": "Feature", "geometry": {"type": "Polygon", "coordinates": [[[2.376866, 48.8442552], [2.3768629, 48.8442562], [2.3768606, 48.844258], [2.3768593, 48.84426], [2.3768593, 48.8442624], [2.3768604, 48.8442646], [2.3768626, 48.8442663], [2.3768663, 48.8442676], [2.3768705, 48.8442678], [2.3768745, 48.8442668], [2.3768774, 48.8442649], [2.3768787, 48.8442622], [2.3768784, 48.8442594], [2.3768767, 48.8442572], [2.3768736, 48.8442556], [2.3768698, 48.8442549], [2.376866, 48.8442552]]]}, "properties": {"kind": "column", "level": 0.0}}, {"type": "Feature", "geometry": {"type": "Polygon", "coordinates": [[[2.3760377, 48.8440143], [2.3760356, 48.844015], [2.376034, 48.8440162], [2.3760331, 48.8440176], [2.3760331, 48.8440192], [2.3760339, 48.8440207], [2.3760354, 48.8440219], [2.3760379, 48.8440228], [2.3760408, 48.8440229], [2.3760434, 48.8440222], [2.3760455, 48.8440209], [2.3760464, 48.8440191], [2.3760462, 48.8440172], [2.3760449, 48.8440157], [2.3760429, 48.8440145], [2.3760403, 48.8440141], [2.3760377, 48.8440143]]]}, "properties": {"kind": "column", "level": 0.0}}, {"type": "Feature", "geometry": {"type": "Polygon", "coordinates": [[[2.3758531, 48.8442803], [2.375851, 48.844281], [2.3758494, 48.8442822], [2.3758486, 48.8442836], [2.3758485, 48.8442852], [2.3758493, 48.8442867], [2.3758508, 48.8442879], [2.3758533, 48.8442888], [2.3758562, 48.8442889], [2.3758589, 48.8442882], [2.3758609, 48.8442869], [2.3758619, 48.8442851], [2.3758616, 48.8442832], [2.3758604, 48.8442817], [2.3758583, 48.8442806], [2.3758557, 48.8442801], [2.3758531, 48.8442803]]]}, "properties": {"kind": "column", "level": 0.0}}, {"type": "Feature", "geometry": {"type": "Polygon", "coordinates": [[[2.3770077, 48.8443382], [2.3770056, 48.8443389], [2.377004, 48.8443401], [2.3770031, 48.8443415], [2.3770031, 48.8443431], [2.3770039, 48.8443446], [2.3770054, 48.8443458], [2.3770079, 48.8443467], [2.3770108, 48.8443468], [2.3770135, 48.8443461], [2.3770155, 48.8443448], [2.3770165, 48.844343], [2.3770162, 48.8443411], [2.377015, 48.8443396], [2.3770129, 48.8443384], [2.3770103, 48.844338], [2.3770077, 48.8443382]]]}, "properties": {"kind": "column", "level": 0.0}}, {"type": "Feature", "geometry": {"type": "Polygon", "coordinates": [[[2.3757135, 48.8440336], [2.3757114, 48.8440344], [2.3757099, 48.8440355], [2.375709, 48.844037], [2.375709, 48.8440386], [2.3757097, 48.84404], [2.3757112, 48.8440413], [2.3757138, 48.8440421], [2.3757166, 48.8440423], [2.3757193, 48.8440416], [2.3757213, 48.8440402], [2.3757223, 48.8440385], [2.3757221, 48.8440366], [2.3757208, 48.844035], [2.3757187, 48.8440339], [2.3757162, 48.8440334], [2.3757135, 48.8440336]]]}, "properties": {"kind": "column", "level": 0.0}}, {"type": "Feature", "geometry": {"type": "Polygon", "coordinates": [[[2.3762022, 48.8447818], [2.3762001, 48.8447825], [2.3761986, 48.8447837], [2.3761977, 48.8447852], [2.3761977, 48.8447867], [2.3761984, 48.8447882], [2.3761999, 48.8447894], [2.3762025, 48.8447903], [2.3762053, 48.8447904], [2.376208, 48.8447898], [2.37621, 48.8447884], [2.376211, 48.8447866], [2.3762108, 48.8447847], [2.3762095, 48.8447832], [2.3762074, 48.8447821], [2.3762049, 48.8447816], [2.3762022, 48.8447818]]]}, "properties": {"kind": "column", "level": 0.0}}, {"type": "Feature", "geometry": {"type": "Polygon", "coordinates": [[[2.3768882, 48.8442433], [2.3768853, 48.8442443], [2.3768832, 48.8442459], [2.3768819, 48.844248], [2.3768819, 48.8442501], [2.3768829, 48.8442522], [2.376885, 48.8442539], [2.3768886, 48.8442551], [2.3768925, 48.8442553], [2.3768963, 48.8442544], [2.376899, 48.8442525], [2.3769004, 48.84425], [2.3769002, 48.8442473], [2.3768983, 48.8442452], [2.3768956, 48.8442437], [2.3768919, 48.844243], [2.3768882, 48.8442433]]]}, "properties": {"kind": "column", "level": 0.0}}, {"type": "Feature", "geometry": {"type": "Polygon", "coordinates": [[[2.376131, 48.8443609], [2.3761289, 48.8443616], [2.3761273, 48.8443628], [2.3761265, 48.8443642], [2.3761264, 48.8443658], [2.3761272, 48.8443673], [2.3761287, 48.8443685], [2.3761312, 48.8443694], [2.3761341, 48.8443695], [2.3761368, 48.8443688], [2.3761388, 48.8443675], [2.3761398, 48.8443657], [2.3761396, 48.8443638], [2.3761383, 48.8443623], [2.3761362, 48.8443611], [2.3761337, 48.8443607], [2.376131, 48.8443609]]]}, "properties": {"kind": "column", "level": 0.0}}, {"type": "Feature", "geometry": {"type": "Polygon", "coordinates": [[[2.3763829, 48.8445235], [2.3763808, 48.8445242], [2.3763792, 48.8445254], [2.3763784, 48.8445269], [2.3763783, 48.8445284], [2.3763791, 48.8445299], [2.3763806, 48.8445311], [2.3763831, 48.844532], [2.376386, 48.8445321], [2.3763887, 48.8445315], [2.3763907, 48.8445301], [2.3763917, 48.8445283], [2.3763914, 48.8445264], [2.3763902, 48.8445249], [2.3763881, 48.8445238], [2.3763855, 48.8445233], [2.3763829, 48.8445235]]]}, "properties": {"kind": "column", "level": 0.0}}, {"type": "Feature", "geometry": {"type": "Polygon", "coordinates": [[[2.3763041, 48.8443589], [2.376302, 48.8443597], [2.3763004, 48.8443608], [2.3762995, 48.8443623], [2.3762995, 48.8443639], [2.3763003, 48.8443653], [2.3763018, 48.8443665], [2.3763043, 48.8443674], [2.3763072, 48.8443676], [2.3763098, 48.8443669], [2.3763118, 48.8443655], [2.3763128, 48.8443638], [2.3763126, 48.8443619], [2.3763113, 48.8443603], [2.3763093, 48.8443592], [2.3763067, 48.8443587], [2.3763041, 48.8443589]]]}, "properties": {"kind": "column", "level": 0.0}}, {"type": "Feature", "geometry": {"type": "Polygon", "coordinates": [[[2.3762905, 48.844822], [2.3762884, 48.8448228], [2.3762869, 48.844824], [2.376286, 48.8448254], [2.3762859, 48.844827], [2.3762867, 48.8448285], [2.3762882, 48.8448297], [2.3762908, 48.8448306], [2.3762936, 48.8448307], [2.3762963, 48.84483], [2.3762983, 48.8448287], [2.3762993, 48.8448269], [2.3762991, 48.844825], [2.3762978, 48.8448234], [2.3762957, 48.8448223], [2.3762932, 48.8448218], [2.3762905, 48.844822]]]}, "properties": {"kind": "column", "level": 0.0}}, {"type": "Feature", "geometry": {"type": "Polygon", "coordinates": [[[2.3762014, 48.8444159], [2.3761993, 48.8444166], [2.3761977, 48.8444178], [2.3761969, 48.8444192], [2.3761968, 48.8444208], [2.3761976, 48.8444223], [2.3761991, 48.8444235], [2.3762016, 48.8444244], [2.3762045, 48.8444245], [2.3762072, 48.8444238], [2.3762092, 48.8444225], [2.3762102, 48.8444207], [2.3762099, 48.8444188], [2.3762087, 48.8444173], [2.3762066, 48.8444162], [2.3762041, 48.8444157], [2.3762014, 48.8444159]]]}, "properties": {"kind": "column", "level": 0.0}}, {"type": "Feature", "geometry": {"type": "Polygon", "coordinates": [[[2.3765528, 48.8445889], [2.3765507, 48.8445896], [2.3765492, 48.8445908], [2.3765483, 48.8445922], [2.3765483, 48.8445938], [2.376549, 48.8445953], [2.3765506, 48.8445965], [2.3765531, 48.8445974], [2.3765559, 48.8445975], [2.3765586, 48.8445968], [2.3765606, 48.8445955], [2.3765616, 48.8445937], [2.3765614, 48.8445918], [2.3765601, 48.8445903], [2.3765581, 48.8445892], [2.3765555, 48.8445887], [2.3765528, 48.8445889]]]}, "properties": {"kind": "column", "level": 0.0}}, {"type": "Feature", "geometry": {"type": "Polygon", "coordinates": [[[2.3761603, 48.8441104], [2.3761582, 48.8441112], [2.3761566, 48.8441124], [2.3761558, 48.8441138], [2.3761557, 48.8441154], [2.3761565, 48.8441169], [2.376158, 48.8441181], [2.3761606, 48.844119], [2.3761634, 48.8441191], [2.3761661, 48.8441184], [2.3761681, 48.8441171], [2.3761691, 48.8441153], [2.3761689, 48.8441134], [2.3761676, 48.8441118], [2.3761655, 48.8441107], [2.376163, 48.8441102], [2.3761603, 48.8441104]]]}, "properties": {"kind": "column", "level": 0.0}}, {"type": "Feature", "geometry": {"type": "Polygon", "coordinates": [[[2.376382, 48.8446834], [2.37638, 48.8446841], [2.3763784, 48.8446853], [2.3763775, 48.8446868], [2.3763775, 48.8446883], [2.3763782, 48.8446898], [2.3763798, 48.844691], [2.3763823, 48.8446919], [2.3763851, 48.844692], [2.3763878, 48.8446914], [2.3763898, 48.84469], [2.3763908, 48.8446882], [2.3763906, 48.8446863], [2.3763893, 48.8446848], [2.3763873, 48.8446837], [2.3763847, 48.8446832], [2.376382, 48.8446834]]]}, "properties": {"kind": "column", "level": 0.0}}, {"type": "Feature", "geometry": {"type": "Polygon", "coordinates": [[[2.3757875, 48.8439535], [2.3757854, 48.8439543], [2.3757838, 48.8439555], [2.375783, 48.8439569], [2.3757829, 48.8439585], [2.3757837, 48.84396], [2.3757852, 48.8439612], [2.3757877, 48.8439621], [2.3757906, 48.8439622], [2.3757933, 48.8439615], [2.3757953, 48.8439602], [2.3757963, 48.8439584], [2.3757961, 48.8439565], [2.3757948, 48.8439549], [2.3757927, 48.8439538], [2.3757902, 48.8439533], [2.3757875, 48.8439535]]]}, "properties": {"kind": "column", "level": 0.0}}, {"type": "Feature", "geometry": {"type": "Polygon", "coordinates": [[[2.3762695, 48.8448341], [2.3762674, 48.8448348], [2.3762659, 48.844836], [2.376265, 48.8448375], [2.376265, 48.844839], [2.3762657, 48.8448405], [2.3762672, 48.8448417], [2.3762698, 48.8448426], [2.3762726, 48.8448427], [2.3762753, 48.8448421], [2.3762773, 48.8448407], [2.3762783, 48.8448389], [2.3762781, 48.844837], [2.3762768, 48.8448355], [2.3762747, 48.8448344], [2.3762722, 48.8448339], [2.3762695, 48.8448341]]]}, "properties": {"kind": "column", "level": 0.0}}, {"type": "Feature", "geometry": {"type": "Polygon", "coordinates": [[[2.3764054, 48.8443021], [2.376403, 48.844303], [2.3764018, 48.8443039], [2.3764011, 48.8443043], [2.3764, 48.8443061], [2.3764, 48.844308], [2.376401, 48.8443096], [2.3764027, 48.8443111], [2.3764057, 48.8443122], [2.3764091, 48.8443123], [2.3764116, 48.8443116], [2.3764121, 48.8443115], [2.3764146, 48.8443098], [2.3764156, 48.8443078], [2.3764154, 48.8443056], [2.3764139, 48.8443037], [2.3764115, 48.8443025], [2.3764085, 48.8443019], [2.3764054, 48.8443021]]]}, "properties": {"kind": "column", "level": 0.0}}, {"type": "Feature", "geometry": {"type": "Polygon", "coordinates": [[[2.3761109, 48.8442078], [2.3761088, 48.8442085], [2.3761072, 48.8442097], [2.3761063, 48.8442112], [2.3761063, 48.8442127], [2.3761071, 48.8442142], [2.3761086, 48.8442154], [2.3761111, 48.8442163], [2.376114, 48.8442164], [2.3761166, 48.8442157], [2.3761187, 48.8442144], [2.3761196, 48.8442126], [2.3761194, 48.8442107], [2.3761181, 48.8442092], [2.3761161, 48.8442081], [2.3761135, 48.8442076], [2.3761109, 48.8442078]]]}, "properties": {"kind": "column", "level": 0.0}}, {"type": "Feature", "geometry": {"type": "Polygon", "coordinates": [[[2.3760903, 48.8440556], [2.3760883, 48.8440563], [2.3760867, 48.8440575], [2.3760858, 48.8440589], [2.3760858, 48.8440605], [2.3760865, 48.844062], [2.3760881, 48.8440632], [2.3760906, 48.8440641], [2.3760935, 48.8440642], [2.3760961, 48.8440635], [2.3760981, 48.8440622], [2.3760991, 48.8440604], [2.3760989, 48.8440585], [2.3760976, 48.8440569], [2.3760956, 48.8440558], [2.376093, 48.8440553], [2.3760903, 48.8440556]]]}, "properties": {"kind": "column", "level": 0.0}}, {"type": "Feature", "geometry": {"type": "Polygon", "coordinates": [[[2.3768286, 48.8444365], [2.3768265, 48.8444372], [2.3768249, 48.8444384], [2.3768241, 48.8444398], [2.376824, 48.8444414], [2.3768248, 48.8444429], [2.3768263, 48.8444441], [2.3768288, 48.844445], [2.3768317, 48.8444451], [2.3768344, 48.8444444], [2.3768364, 48.8444431], [2.3768374, 48.8444413], [2.3768371, 48.8444394], [2.3768359, 48.8444379], [2.3768338, 48.8444368], [2.3768312, 48.8444363], [2.3768286, 48.8444365]]]}, "properties": {"kind": "column", "level": 0.0}}, {"type": "Feature", "geometry": {"type": "Polygon", "coordinates": [[[2.3756028, 48.843946], [2.3756007, 48.8439468], [2.3755991, 48.8439479], [2.3755983, 48.8439494], [2.3755982, 48.843951], [2.375599, 48.8439525], [2.3756005, 48.8439537], [2.375603, 48.8439546], [2.3756059, 48.8439547], [2.3756086, 48.843954], [2.3756106, 48.8439526], [2.3756116, 48.8439509], [2.3756113, 48.843949], [2.3756101, 48.8439474], [2.375608, 48.8439463], [2.3756054, 48.8439458], [2.3756028, 48.843946]]]}, "properties": {"kind": "column", "level": 0.0}}, {"type": "Feature", "geometry": {"type": "Polygon", "coordinates": [[[2.3760584, 48.8441665], [2.3760563, 48.8441672], [2.3760547, 48.8441684], [2.3760539, 48.8441698], [2.3760538, 48.8441714], [2.3760546, 48.8441729], [2.3760561, 48.8441741], [2.3760586, 48.844175], [2.3760615, 48.8441751], [2.3760642, 48.8441744], [2.3760662, 48.8441731], [2.3760672, 48.8441713], [2.376067, 48.8441694], [2.3760657, 48.8441679], [2.3760636, 48.8441668], [2.3760611, 48.8441663], [2.3760584, 48.8441665]]]}, "properties": {"kind": "column", "level": 0.0}}, {"type": "Feature", "geometry": {"type": "Polygon", "coordinates": [[[2.3759486, 48.8447627], [2.3759465, 48.8447635], [2.375945, 48.8447646], [2.3759441, 48.8447661], [2.3759441, 48.8447677], [2.3759448, 48.8447691], [2.3759461, 48.8447703], [2.3759467, 48.8447706], [2.3759489, 48.8447712], [2.3759517, 48.8447714], [2.3759544, 48.8447707], [2.3759564, 48.8447693], [2.3759574, 48.8447676], [2.3759572, 48.8447657], [2.3759563, 48.8447647], [2.3759559, 48.8447641], [2.3759538, 48.844763], [2.3759513, 48.8447625], [2.3759486, 48.8447627]]]}, "properties": {"kind": "column", "level": 0.0}}, {"type": "Feature", "geometry": {"type": "Polygon", "coordinates": [[[2.3758856, 48.8441685], [2.3758835, 48.8441693], [2.3758819, 48.8441704], [2.3758811, 48.8441719], [2.375881, 48.8441735], [2.3758818, 48.8441749], [2.3758833, 48.8441761], [2.3758858, 48.844177], [2.3758887, 48.8441772], [2.3758914, 48.8441765], [2.3758934, 48.8441751], [2.3758944, 48.8441733], [2.3758941, 48.8441715], [2.3758929, 48.8441699], [2.3758908, 48.8441688], [2.3758882, 48.8441683], [2.3758856, 48.8441685]]]}, "properties": {"kind": "column", "level": 0.0}}, {"type": "Feature", "geometry": {"type": "Polygon", "coordinates": [[[2.375957, 48.8439509], [2.3759549, 48.8439516], [2.3759533, 48.8439528], [2.3759524, 48.8439542], [2.3759524, 48.8439558], [2.3759532, 48.8439573], [2.3759547, 48.8439585], [2.3759572, 48.8439594], [2.3759601, 48.8439595], [2.3759628, 48.8439588], [2.3759648, 48.8439575], [2.3759658, 48.8439557], [2.3759655, 48.8439538], [2.3759643, 48.8439523], [2.3759622, 48.8439512], [2.3759596, 48.8439507], [2.375957, 48.8439509]]]}, "properties": {"kind": "column", "level": 0.0}}, {"type": "Feature", "geometry": {"type": "Polygon", "coordinates": [[[2.3757304, 48.8441839], [2.3757283, 48.8441846], [2.3757267, 48.8441858], [2.3757258, 48.8441872], [2.3757258, 48.8441888], [2.3757266, 48.8441903], [2.3757281, 48.8441915], [2.3757306, 48.8441924], [2.3757335, 48.8441925], [2.3757362, 48.8441918], [2.3757382, 48.8441905], [2.3757392, 48.8441887], [2.3757389, 48.8441868], [2.3757377, 48.8441852], [2.3757356, 48.8441841], [2.375733, 48.8441836], [2.3757304, 48.8441839]]]}, "properties": {"kind": "column", "level": 0.0}}, {"type": "Feature", "geometry": {"type": "Polygon", "coordinates": [[[2.3755734, 48.8439233], [2.3755713, 48.8439241], [2.3755698, 48.8439252], [2.3755689, 48.8439267], [2.3755688, 48.8439283], [2.3755696, 48.8439297], [2.3755711, 48.843931], [2.3755737, 48.8439318], [2.3755765, 48.843932], [2.3755792, 48.8439313], [2.3755812, 48.8439299], [2.3755822, 48.8439282], [2.375582, 48.8439263], [2.3755807, 48.8439247], [2.3755786, 48.8439236], [2.3755761, 48.8439231], [2.3755734, 48.8439233]]]}, "properties": {"kind": "column", "level": 0.0}}, {"type": "Feature", "geometry": {"type": "Polygon", "coordinates": [[[2.3765524, 48.8444277], [2.3765493, 48.8444287], [2.3765469, 48.8444305], [2.3765457, 48.8444326], [2.3765456, 48.844435], [2.3765468, 48.8444372], [2.376549, 48.844439], [2.3765527, 48.8444403], [2.376557, 48.8444405], [2.3765611, 48.8444395], [2.376564, 48.8444375], [2.3765655, 48.8444348], [2.3765652, 48.844432], [2.3765633, 48.8444298], [2.3765602, 48.8444281], [2.3765564, 48.8444274], [2.3765524, 48.8444277]]]}, "properties": {"kind": "column", "level": 0.0}}, {"type": "Feature", "geometry": {"type": "Polygon", "coordinates": [[[2.3761061, 48.8446762], [2.376104, 48.844677], [2.3761025, 48.8446782], [2.3761016, 48.8446796], [2.3761015, 48.8446812], [2.3761023, 48.8446827], [2.3761031, 48.8446833], [2.3761038, 48.8446839], [2.3761064, 48.8446848], [2.3761092, 48.8446849], [2.3761119, 48.8446842], [2.3761139, 48.8446829], [2.3761149, 48.8446811], [2.3761147, 48.8446792], [2.3761134, 48.8446776], [2.3761113, 48.8446765], [2.3761088, 48.844676], [2.3761061, 48.8446762]]]}, "properties": {"kind": "column", "level": 0.0}}, {"type": "Feature", "geometry": {"type": "Polygon", "coordinates": [[[2.3758332, 48.8441272], [2.3758311, 48.844128], [2.3758295, 48.8441291], [2.3758287, 48.8441306], [2.3758286, 48.8441322], [2.3758294, 48.8441336], [2.3758309, 48.8441348], [2.3758334, 48.8441357], [2.3758363, 48.8441359], [2.375839, 48.8441352], [2.375841, 48.8441338], [2.375842, 48.844132], [2.3758417, 48.8441302], [2.3758405, 48.8441286], [2.3758384, 48.8441275], [2.3758358, 48.844127], [2.3758332, 48.8441272]]]}, "properties": {"kind": "column", "level": 0.0}}, {"type": "Feature", "geometry": {"type": "Polygon", "coordinates": [[[2.3756469, 48.8438436], [2.3756448, 48.8438443], [2.3756432, 48.8438455], [2.3756424, 48.843847], [2.3756423, 48.8438485], [2.3756431, 48.84385], [2.3756446, 48.8438512], [2.3756471, 48.8438521], [2.37565, 48.8438522], [2.3756527, 48.8438516], [2.3756547, 48.8438502], [2.3756557, 48.8438484], [2.3756554, 48.8438465], [2.3756542, 48.843845], [2.3756521, 48.8438439], [2.3756495, 48.8438434], [2.3756469, 48.8438436]]]}, "properties": {"kind": "column", "level": 0.0}}, {"type": "Feature", "geometry": {"type": "Polygon", "coordinates": [[[2.3756707, 48.8441526], [2.3756448, 48.8441318], [2.3756539, 48.8441269], [2.3756634, 48.8441217], [2.3756678, 48.8441253], [2.3756836, 48.844138], [2.3756893, 48.8441426], [2.37568, 48.8441476], [2.3756707, 48.8441526]]]}, "properties": {"kind": "column", "level": 0.0}}, {"type": "Feature", "geometry": {"type": "Polygon", "coordinates": [[[2.3757724, 48.8440972], [2.375744, 48.8440743], [2.3757655, 48.8440626], [2.3757939, 48.8440855], [2.3757724, 48.8440972]]]}, "properties": {"kind": "column", "level": 0.0}}, {"type": "Feature", "geometry": {"type": "Polygon", "coordinates": [[[2.3733164, 48.8443497], [2.373305, 48.8443558], [2.3732758, 48.8443715], [2.3732634, 48.8443781], [2.3732682, 48.844382], [2.3733211, 48.8443536], [2.3733164, 48.8443497]]]}, "properties": {"kind": "column", "level": 0.0}}, {"type": "Feature", "geometry": {"type": "Polygon", "coordinates": [[[2.373468, 48.8447475], [2.3734602, 48.8447518], [2.3734667, 48.8447569], [2.3734745, 48.8447525], [2.373468, 48.8447475]]]}, "properties": {"kind": "column", "level": 0.0}}, {"type": "Feature", "geometry": {"type": "Polygon", "coordinates": [[[2.3732045, 48.8443142], [2.3731907, 48.8443217], [2.3731967, 48.8443265], [2.3732104, 48.844319], [2.3732045, 48.8443142]]]}, "properties": {"kind": "column", "level": 0.0}}, {"type": "Feature", "geometry": {"type": "Polygon", "coordinates": [[[2.3732401, 48.8445459], [2.3732322, 48.8445502], [2.3732387, 48.8445553], [2.3732466, 48.8445509], [2.3732401, 48.8445459]]]}, "properties": {"kind": "column", "level": 0.0}}, {"type": "Feature", "geometry": {"type": "Polygon", "coordinates": [[[2.3735355, 48.8448005], [2.3735277, 48.8448049], [2.3735342, 48.8448099], [2.373542, 48.8448056], [2.3735355, 48.8448005]]]}, "properties": {"kind": "column", "level": 0.0}}, {"type": "Feature", "geometry": {"type": "Polygon", "coordinates": [[[2.3737481, 48.8449679], [2.3737403, 48.8449722], [2.3737468, 48.8449773], [2.3737546, 48.8449729], [2.3737481, 48.8449679]]]}, "properties": {"kind": "column", "level": 0.0}}, {"type": "Feature", "geometry": {"type": "Polygon", "coordinates": [[[2.3737153, 48.8449424], [2.3737075, 48.8449468], [2.373714, 48.8449519], [2.3737218, 48.8449475], [2.3737153, 48.8449424]]]}, "properties": {"kind": "column", "level": 0.0}}, {"type": "Feature", "geometry": {"type": "Polygon", "coordinates": [[[2.3740548, 48.8452426], [2.3740454, 48.8452421], [2.3740431, 48.8452592], [2.3740525, 48.8452597], [2.3740548, 48.8452426]]]}, "properties": {"kind": "column", "level": 0.0}}, {"type": "Feature", "geometry": {"type": "Polygon", "coordinates": [[[2.3733384, 48.8446461], [2.3733305, 48.8446505], [2.3733371, 48.8446555], [2.3733449, 48.8446512], [2.3733384, 48.8446461]]]}, "properties": {"kind": "column", "level": 0.0}}, {"type": "Feature", "geometry": {"type": "Polygon", "coordinates": [[[2.3735742, 48.8448314], [2.3735663, 48.8448358], [2.3735756, 48.844843], [2.3735835, 48.8448386], [2.3735742, 48.8448314]]]}, "properties": {"kind": "column", "level": 0.0}}, {"type": "Feature", "geometry": {"type": "Polygon", "coordinates": [[[2.3733206, 48.8442483], [2.3733036, 48.8442575], [2.3733117, 48.8442639], [2.3733284, 48.8442546], [2.3733206, 48.8442483]]]}, "properties": {"kind": "column", "level": 0.0}}, {"type": "Feature", "geometry": {"type": "Polygon", "coordinates": [[[2.3736303, 48.8448748], [2.3736225, 48.8448792], [2.373629, 48.8448842], [2.3736368, 48.8448799], [2.3736303, 48.8448748]]]}, "properties": {"kind": "column", "level": 0.0}}, {"type": "Feature", "geometry": {"type": "Polygon", "coordinates": [[[2.3738339, 48.8450346], [2.373826, 48.845039], [2.3738294, 48.8450417], [2.3738325, 48.8450441], [2.3738403, 48.8450397], [2.373837, 48.8450371], [2.3738339, 48.8450346]]]}, "properties": {"kind": "column", "level": 0.0}}, {"type": "Feature", "geometry": {"type": "Polygon", "coordinates": [[[2.3731585, 48.8444328], [2.3731393, 48.8444434], [2.373148, 48.8444504], [2.3731679, 48.84444], [2.3731585, 48.8444328]]]}, "properties": {"kind": "column", "level": 0.0}}, {"type": "Feature", "geometry": {"type": "Polygon", "coordinates": [[[2.3732783, 48.8445994], [2.3732705, 48.8446038], [2.373277, 48.8446088], [2.3732848, 48.8446045], [2.3732783, 48.8445994]]]}, "properties": {"kind": "column", "level": 0.0}}, {"type": "Feature", "geometry": {"type": "Polygon", "coordinates": [[[2.373408, 48.8447018], [2.3734002, 48.8447062], [2.3734067, 48.8447112], [2.3734145, 48.8447069], [2.3734114, 48.8447044], [2.373408, 48.8447018]]]}, "properties": {"kind": "column", "level": 0.0}}, {"type": "Feature", "geometry": {"type": "Polygon", "coordinates": [[[2.3735216, 48.8447896], [2.3735137, 48.844794], [2.3735202, 48.844799], [2.373528, 48.8447947], [2.3735216, 48.8447896]]]}, "properties": {"kind": "column", "level": 0.0}}, {"type": "Feature", "geometry": {"type": "Polygon", "coordinates": [[[2.3749328, 48.8434593], [2.3749174, 48.8434676], [2.3749235, 48.8434725], [2.374939, 48.8434642], [2.3749328, 48.8434593]]]}, "properties": {"kind": "column", "level": 0.0}}, {"type": "Feature", "geometry": {"type": "Polygon", "coordinates": [[[2.3749655, 48.8435291], [2.3749581, 48.8435328], [2.3749634, 48.8435374], [2.3749709, 48.8435337], [2.3749655, 48.8435291]]]}, "properties": {"kind": "column", "level": 0.0}}, {"type": "Feature", "geometry": {"type": "Polygon", "coordinates": [[[2.3748551, 48.8435478], [2.3748477, 48.8435515], [2.3748531, 48.8435562], [2.3748605, 48.8435524], [2.3748551, 48.8435478]]]}, "properties": {"kind": "column", "level": 0.0}}, {"type": "Feature", "geometry": {"type": "Polygon", "coordinates": [[[2.3748864, 48.843573], [2.374879, 48.8435767], [2.3748843, 48.8435814], [2.3748918, 48.8435776], [2.3748864, 48.843573]]]}, "properties": {"kind": "column", "level": 0.0}}, {"type": "Feature", "geometry": {"type": "Polygon", "coordinates": [[[2.3748121, 48.8435242], [2.3747979, 48.8435317], [2.3748039, 48.8435367], [2.3748181, 48.8435292], [2.3748121, 48.8435242]]]}, "properties": {"kind": "column", "level": 0.0}}, {"type": "Feature", "geometry": {"type": "Polygon", "coordinates": [[[2.3749343, 48.8435043], [2.3749269, 48.843508], [2.3749323, 48.8435126], [2.3749397, 48.8435089], [2.3749343, 48.8435043]]]}, "properties": {"kind": "column", "level": 0.0}}, {"type": "Feature", "geometry": {"type": "Polygon", "coordinates": [[[2.3746922, 48.8434298], [2.3746789, 48.8434368], [2.374685, 48.8434418], [2.3746983, 48.8434348], [2.3746922, 48.8434298]]]}, "properties": {"kind": "column", "level": -2.0}}, {"type": "Feature", "geometry": {"type": "Polygon", "coordinates": [[[2.3746922, 48.8434298], [2.3746789, 48.8434368], [2.374685, 48.8434418], [2.3746983, 48.8434348], [2.3746922, 48.8434298]]]}, "properties": {"kind": "column", "level": 0.0}}, {"type": "Feature", "geometry": {"type": "Polygon", "coordinates": [[[2.3736074, 48.8447567], [2.3735952, 48.8447638], [2.3735986, 48.8447663], [2.3735961, 48.8447678], [2.3736038, 48.8447735], [2.3736069, 48.8447718], [2.3736101, 48.8447742], [2.3736216, 48.8447675], [2.373618, 48.8447649], [2.3736198, 48.8447639], [2.3736125, 48.8447586], [2.373611, 48.8447595], [2.3736074, 48.8447567]]]}, "properties": {"kind": "column", "level": 0.0}}, {"type": "Feature", "geometry": {"type": "Polygon", "coordinates": [[[2.3762403, 48.8442932], [2.3762466, 48.8442898], [2.3762406, 48.8442849], [2.3762342, 48.8442883], [2.3762403, 48.8442932]]]}, "properties": {"kind": "column", "level": 1.0}}, {"type": "Feature", "geometry": {"type": "Polygon", "coordinates": [[[2.3762975, 48.8443995], [2.3763038, 48.8443961], [2.3762978, 48.8443912], [2.3762914, 48.8443947], [2.3762975, 48.8443995]]]}, "properties": {"kind": "column", "level": 1.0}}, {"type": "Feature", "geometry": {"type": "Polygon", "coordinates": [[[2.3760561, 48.8442396], [2.3760624, 48.8442362], [2.3760564, 48.8442313], [2.37605, 48.8442348], [2.3760561, 48.8442396]]]}, "properties": {"kind": "column", "level": 1.0}}, {"type": "Feature", "geometry": {"type": "Polygon", "coordinates": [[[2.3761717, 48.84433], [2.3761781, 48.8443266], [2.3761721, 48.8443217], [2.3761657, 48.8443252], [2.3761717, 48.84433]]]}, "properties": {"kind": "column", "level": 1.0}}, {"type": "Feature", "geometry": {"type": "Polygon", "coordinates": [[[2.3761238, 48.8442013], [2.3761302, 48.8441978], [2.3761242, 48.844193], [2.3761178, 48.8441964], [2.3761238, 48.8442013]]]}, "properties": {"kind": "column", "level": 1.0}}, {"type": "Feature", "geometry": {"type": "Polygon", "coordinates": [[[2.3759614, 48.8441365], [2.3759678, 48.8441331], [2.3759618, 48.8441282], [2.3759554, 48.8441316], [2.3759614, 48.8441365]]]}, "properties": {"kind": "column", "level": 1.0}}, {"type": "Feature", "geometry": {"type": "Polygon", "coordinates": [[[2.3763803, 48.8442152], [2.3763867, 48.8442117], [2.3763807, 48.8442069], [2.3763743, 48.8442103], [2.3763803, 48.8442152]]]}, "properties": {"kind": "column", "level": 1.0}}, {"type": "Feature", "geometry": {"type": "Polygon", "coordinates": [[[2.3761631, 48.8440503], [2.3761695, 48.8440468], [2.3761635, 48.844042], [2.3761571, 48.8440454], [2.3761631, 48.8440503]]]}, "properties": {"kind": "column", "level": 1.0}}, {"type": "Feature", "geometry": {"type": "Polygon", "coordinates": [[[2.3761922, 48.844318], [2.3761986, 48.8443146], [2.3761926, 48.8443097], [2.3761862, 48.8443131], [2.3761922, 48.844318]]]}, "properties": {"kind": "column", "level": 1.0}}, {"type": "Feature", "geometry": {"type": "Polygon", "coordinates": [[[2.3759406, 48.8441487], [2.375947, 48.8441453], [2.375941, 48.8441404], [2.3759346, 48.8441438], [2.3759406, 48.8441487]]]}, "properties": {"kind": "column", "level": 1.0}}, {"type": "Feature", "geometry": {"type": "Polygon", "coordinates": [[[2.3762773, 48.8444123], [2.3762837, 48.8444088], [2.3762777, 48.844404], [2.3762713, 48.8444074], [2.3762773, 48.8444123]]]}, "properties": {"kind": "column", "level": 1.0}}, {"type": "Feature", "geometry": {"type": "Polygon", "coordinates": [[[2.3760777, 48.8442282], [2.3760841, 48.8442247], [2.3760781, 48.8442198], [2.3760717, 48.8442233], [2.3760777, 48.8442282]]]}, "properties": {"kind": "column", "level": 1.0}}, {"type": "Feature", "geometry": {"type": "Polygon", "coordinates": [[[2.3762764, 48.8441412], [2.3762828, 48.8441378], [2.3762768, 48.8441329], [2.3762704, 48.8441364], [2.3762764, 48.8441412]]]}, "properties": {"kind": "column", "level": 1.0}}, {"type": "Feature", "geometry": {"type": "Polygon", "coordinates": [[[2.3760485, 48.8439609], [2.3760549, 48.8439574], [2.3760489, 48.8439525], [2.3760425, 48.843956], [2.3760485, 48.8439609]]]}, "properties": {"kind": "column", "level": 1.0}}, {"type": "Feature", "geometry": {"type": "Polygon", "coordinates": [[[2.3740657, 48.8452974], [2.3740378, 48.8452956], [2.3740329, 48.8453315], [2.3740603, 48.8453333], [2.3740657, 48.8452974]]]}, "properties": {"kind": "column", "level": 0.0}}, {"type": "Feature", "geometry": {"type": "Polygon", "coordinates": [[[2.3731898, 48.8444831], [2.3731612, 48.8444989], [2.3731896, 48.8445213], [2.3731958, 48.8445179], [2.3732021, 48.8445144], [2.373195, 48.8445088], [2.3732231, 48.8444933], [2.3732177, 48.8444891], [2.3732008, 48.8444757], [2.3731949, 48.844471], [2.3731889, 48.8444743], [2.3731829, 48.8444777], [2.3731898, 48.8444831]]]}, "properties": {"kind": "column", "level": 0.0}}, {"type": "Feature", "geometry": {"type": "Polygon", "coordinates": [[[2.3772312, 48.8443042], [2.3772287, 48.8443055], [2.377227, 48.8443072], [2.3772265, 48.8443093], [2.3772273, 48.8443114], [2.3772291, 48.8443131], [2.3772318, 48.8443141], [2.377235, 48.8443145], [2.3772381, 48.844314], [2.3772406, 48.8443127], [2.3772423, 48.844311], [2.3772428, 48.8443089], [2.377242, 48.8443068], [2.3772402, 48.8443051], [2.3772375, 48.8443041], [2.3772343, 48.8443037], [2.3772312, 48.8443042]]]}, "properties": {"kind": "column", "level": 0.0}}, {"type": "Feature", "geometry": {"type": "Polygon", "coordinates": [[[2.3764253, 48.8447472], [2.3764226, 48.8447483], [2.3764207, 48.8447499], [2.3764199, 48.8447519], [2.3764203, 48.8447539], [2.3764219, 48.8447557], [2.3764243, 48.8447569], [2.3764273, 48.8447574], [2.3764304, 48.8447572], [2.3764331, 48.8447561], [2.376435, 48.8447545], [2.3764358, 48.8447525], [2.3764353, 48.8447505], [2.3764338, 48.8447487], [2.3764313, 48.8447475], [2.3764283, 48.844747], [2.3764253, 48.8447472]]]}, "properties": {"kind": "column", "level": 0.0}}, {"type": "Feature", "geometry": {"type": "Polygon", "coordinates": [[[2.3769172, 48.8444758], [2.3769146, 48.8444771], [2.376913, 48.8444788], [2.3769125, 48.8444809], [2.3769132, 48.844483], [2.3769151, 48.8444847], [2.3769178, 48.8444857], [2.3769209, 48.8444861], [2.376924, 48.8444856], [2.3769266, 48.8444843], [2.3769282, 48.8444826], [2.3769287, 48.8444805], [2.376928, 48.8444784], [2.3769261, 48.8444767], [2.3769234, 48.8444756], [2.3769203, 48.8444753], [2.3769172, 48.8444758]]]}, "properties": {"kind": "column", "level": 0.0}}, {"type": "Feature", "geometry": {"type": "Polygon", "coordinates": [[[2.3765808, 48.8446609], [2.3765782, 48.8446622], [2.3765766, 48.844664], [2.3765761, 48.844666], [2.3765768, 48.8446681], [2.3765787, 48.8446698], [2.3765814, 48.8446709], [2.3765846, 48.8446712], [2.3765877, 48.8446707], [2.3765902, 48.8446694], [2.3765919, 48.8446677], [2.3765924, 48.8446656], [2.3765916, 48.8446635], [2.3765898, 48.8446618], [2.376587, 48.8446608], [2.3765839, 48.8446604], [2.3765808, 48.8446609]]]}, "properties": {"kind": "column", "level": 0.0}}, {"type": "Feature", "geometry": {"type": "Polygon", "coordinates": [[[2.3770497, 48.844402], [2.3770471, 48.8444032], [2.3770454, 48.844405], [2.377045, 48.8444071], [2.3770457, 48.8444092], [2.3770476, 48.8444108], [2.3770503, 48.8444119], [2.3770534, 48.8444123], [2.3770565, 48.8444118], [2.3770591, 48.8444105], [2.3770607, 48.8444087], [2.3770612, 48.8444067], [2.3770605, 48.8444046], [2.3770586, 48.8444029], [2.3770559, 48.8444018], [2.3770528, 48.8444015], [2.3770497, 48.844402]]]}, "properties": {"kind": "column", "level": 0.0}}, {"type": "Feature", "geometry": {"type": "Polygon", "coordinates": [[[2.3768943, 48.8444881], [2.3768917, 48.8444893], [2.3768901, 48.8444911], [2.3768896, 48.8444932], [2.3768903, 48.8444952], [2.3768922, 48.8444969], [2.3768949, 48.844498], [2.3768981, 48.8444983], [2.3769012, 48.8444978], [2.3769037, 48.8444966], [2.3769054, 48.8444948], [2.3769059, 48.8444927], [2.3769051, 48.8444907], [2.3769033, 48.844489], [2.3769005, 48.8444879], [2.3768974, 48.8444876], [2.3768943, 48.8444881]]]}, "properties": {"kind": "column", "level": 0.0}}, {"type": "Feature", "geometry": {"type": "Polygon", "coordinates": [[[2.3772081, 48.8443161], [2.3772056, 48.8443173], [2.3772039, 48.8443191], [2.3772034, 48.8443212], [2.3772042, 48.8443232], [2.377206, 48.8443249], [2.3772088, 48.844326], [2.3772119, 48.8443264], [2.377215, 48.8443259], [2.3772176, 48.8443246], [2.3772192, 48.8443228], [2.3772197, 48.8443208], [2.377219, 48.8443187], [2.3772171, 48.844317], [2.3772144, 48.8443159], [2.3772112, 48.8443156], [2.3772081, 48.8443161]]]}, "properties": {"kind": "column", "level": 0.0}}, {"type": "Feature", "geometry": {"type": "Polygon", "coordinates": [[[2.3767369, 48.8445741], [2.3767343, 48.8445753], [2.3767327, 48.8445771], [2.3767322, 48.8445792], [2.3767329, 48.8445812], [2.3767348, 48.8445829], [2.3767375, 48.844584], [2.3767406, 48.8445843], [2.3767437, 48.8445838], [2.3767463, 48.8445826], [2.376748, 48.8445808], [2.3767485, 48.8445787], [2.3767477, 48.8445767], [2.3767458, 48.844575], [2.3767431, 48.8445739], [2.37674, 48.8445736], [2.3767369, 48.8445741]]]}, "properties": {"kind": "column", "level": 0.0}}, {"type": "Feature", "geometry": {"type": "Polygon", "coordinates": [[[2.3764468, 48.8447352], [2.3764442, 48.8447365], [2.3764426, 48.8447382], [2.3764421, 48.8447403], [2.3764428, 48.8447424], [2.3764447, 48.8447441], [2.3764474, 48.8447451], [2.3764505, 48.8447455], [2.3764536, 48.844745], [2.3764562, 48.8447437], [2.3764579, 48.8447419], [2.3764584, 48.8447399], [2.3764576, 48.8447378], [2.3764557, 48.8447361], [2.376453, 48.844735], [2.3764499, 48.8447347], [2.3764468, 48.8447352]]]}, "properties": {"kind": "column", "level": 0.0}}, {"type": "Feature", "geometry": {"type": "Polygon", "coordinates": [[[2.3767587, 48.844562], [2.3767561, 48.8445633], [2.3767545, 48.8445651], [2.376754, 48.8445671], [2.3767547, 48.8445692], [2.3767566, 48.8445709], [2.3767593, 48.844572], [2.3767625, 48.8445723], [2.3767656, 48.8445718], [2.3767681, 48.8445706], [2.3767698, 48.8445688], [2.3767703, 48.8445667], [2.3767695, 48.8445647], [2.3767677, 48.844563], [2.3767649, 48.8445619], [2.3767618, 48.8445615], [2.3767587, 48.844562]]]}, "properties": {"kind": "column", "level": 0.0}}, {"type": "Feature", "geometry": {"type": "Polygon", "coordinates": [[[2.3770721, 48.8443898], [2.3770695, 48.8443911], [2.3770679, 48.8443929], [2.3770674, 48.8443949], [2.3770681, 48.844397], [2.37707, 48.8443987], [2.3770727, 48.8443998], [2.3770758, 48.8444001], [2.3770789, 48.8443996], [2.3770815, 48.8443984], [2.3770832, 48.8443966], [2.3770837, 48.8443945], [2.3770829, 48.8443925], [2.377081, 48.8443908], [2.3770783, 48.8443897], [2.3770752, 48.8443894], [2.3770721, 48.8443898]]]}, "properties": {"kind": "column", "level": 0.0}}, {"type": "Feature", "geometry": {"type": "Polygon", "coordinates": [[[2.376603, 48.8446491], [2.3766004, 48.8446503], [2.3765987, 48.8446521], [2.3765982, 48.8446542], [2.376599, 48.8446562], [2.3766009, 48.8446579], [2.3766036, 48.844659], [2.3766067, 48.8446593], [2.3766098, 48.8446588], [2.3766124, 48.8446576], [2.376614, 48.8446558], [2.3766145, 48.8446537], [2.3766138, 48.8446517], [2.3766119, 48.84465], [2.3766092, 48.8446489], [2.376606, 48.8446486], [2.376603, 48.8446491]]]}, "properties": {"kind": "column", "level": 0.0}}, {"type": "Feature", "geometry": {"type": "Polygon", "coordinates": [[[2.3763717, 48.844421], [2.3763803, 48.8444164], [2.3763647, 48.8444036], [2.3763561, 48.8444081], [2.3763717, 48.844421]]]}, "properties": {"kind": "column", "level": 0.0}}, {"type": "Feature", "geometry": {"type": "Polygon", "coordinates": [[[2.3761651, 48.8445341], [2.3761732, 48.8445295], [2.3761633, 48.8445219], [2.376166, 48.8445204], [2.3761596, 48.8445155], [2.3761488, 48.8445215], [2.3761651, 48.8445341]]]}, "properties": {"kind": "column", "level": 0.0}}, {"type": "Feature", "geometry": {"type": "Polygon", "coordinates": [[[2.3762695, 48.8444765], [2.3762752, 48.8444731], [2.3762655, 48.8444655], [2.376268, 48.844464], [2.3762617, 48.8444591], [2.3762508, 48.8444651], [2.3762569, 48.8444699], [2.3762595, 48.8444684], [2.3762695, 48.8444765]]]}, "properties": {"kind": "column", "level": 0.0}}, {"type": "Feature", "geometry": {"type": "Polygon", "coordinates": [[[2.3747391, 48.8434697], [2.3747273, 48.8434759], [2.3747332, 48.8434807], [2.374745, 48.8434745], [2.3747391, 48.8434697]]]}, "properties": {"kind": "column", "level": 0.0}}, {"type": "Feature", "geometry": {"type": "Polygon", "coordinates": [[[2.3749188, 48.8431239], [2.3749034, 48.8431322], [2.3749095, 48.8431371], [2.374925, 48.8431288], [2.3749188, 48.8431239]]]}, "properties": {"kind": "column", "level": 0.0}}, {"type": "Feature", "geometry": {"type": "Polygon", "coordinates": [[[2.3748123, 48.8433637], [2.3747969, 48.843372], [2.374803, 48.8433769], [2.3748185, 48.8433686], [2.3748123, 48.8433637]]]}, "properties": {"kind": "column", "level": -2.0}}, {"type": "Feature", "geometry": {"type": "Polygon", "coordinates": [[[2.3748123, 48.8433637], [2.3747969, 48.843372], [2.374803, 48.8433769], [2.3748185, 48.8433686], [2.3748123, 48.8433637]]]}, "properties": {"kind": "column", "level": 0.0}}, {"type": "Feature", "geometry": {"type": "Polygon", "coordinates": [[[2.3745594, 48.8433178], [2.3745476, 48.843324], [2.3745535, 48.8433289], [2.3745653, 48.8433227], [2.3745594, 48.8433178]]]}, "properties": {"kind": "column", "level": 0.0}}, {"type": "Feature", "geometry": {"type": "Polygon", "coordinates": [[[2.3746302, 48.8433836], [2.3746185, 48.8433898], [2.3746243, 48.8433947], [2.3746361, 48.8433885], [2.3746302, 48.8433836]]]}, "properties": {"kind": "column", "level": 0.0}}, {"type": "Feature", "geometry": {"type": "Polygon", "coordinates": [[[2.374681, 48.8432519], [2.3746648, 48.8432608], [2.374671, 48.8432658], [2.3746873, 48.8432568], [2.374681, 48.8432519]]]}, "properties": {"kind": "column", "level": 0.0}}, {"type": "Feature", "geometry": {"type": "Polygon", "coordinates": [[[2.3747202, 48.8432833], [2.374704, 48.8432923], [2.3747102, 48.8432972], [2.3747265, 48.8432883], [2.3747202, 48.8432833]]]}, "properties": {"kind": "column", "level": 0.0}}, {"type": "Feature", "geometry": {"type": "Polygon", "coordinates": [[[2.3749587, 48.8431549], [2.3749433, 48.8431632], [2.3749494, 48.8431681], [2.3749649, 48.8431598], [2.3749587, 48.8431549]]]}, "properties": {"kind": "column", "level": 0.0}}, {"type": "Feature", "geometry": {"type": "Polygon", "coordinates": [[[2.3750773, 48.8430908], [2.3750636, 48.8430984], [2.3750701, 48.8431035], [2.3750838, 48.8430958], [2.3750773, 48.8430908]]]}, "properties": {"kind": "column", "level": 0.0}}, {"type": "Feature", "geometry": {"type": "Polygon", "coordinates": [[[2.3742025, 48.843511], [2.3741894, 48.8435174], [2.3741953, 48.8435226], [2.3742084, 48.8435163], [2.3742025, 48.843511]]]}, "properties": {"kind": "column", "level": 0.0}}, {"type": "Feature", "geometry": {"type": "Polygon", "coordinates": [[[2.3742414, 48.8435425], [2.3742283, 48.8435488], [2.3742341, 48.8435541], [2.3742472, 48.8435478], [2.3742414, 48.8435425]]]}, "properties": {"kind": "column", "level": 0.0}}, {"type": "Feature", "geometry": {"type": "Polygon", "coordinates": [[[2.3751449, 48.8431455], [2.3751322, 48.8431522], [2.3751385, 48.8431573], [2.3751511, 48.8431506], [2.3751449, 48.8431455]]]}, "properties": {"kind": "column", "level": 0.0}}, {"type": "Feature", "geometry": {"type": "Polygon", "coordinates": [[[2.3743763, 48.8436586], [2.3743638, 48.8436654], [2.37437, 48.8436704], [2.3743825, 48.8436635], [2.3743763, 48.8436586]]]}, "properties": {"kind": "column", "level": 0.0}}, {"type": "Feature", "geometry": {"type": "Polygon", "coordinates": [[[2.3743763, 48.8436586], [2.3743638, 48.8436654], [2.37437, 48.8436704], [2.3743825, 48.8436635], [2.3743763, 48.8436586]]]}, "properties": {"kind": "column", "level": 1.0}}, {"type": "Feature", "geometry": {"type": "Polygon", "coordinates": [[[2.374417, 48.8436808], [2.3744039, 48.8436872], [2.3744097, 48.8436924], [2.3744228, 48.8436861], [2.374417, 48.8436808]]]}, "properties": {"kind": "column", "level": 0.0}}, {"type": "Feature", "geometry": {"type": "Polygon", "coordinates": [[[2.3743623, 48.8434758], [2.3743461, 48.8434848], [2.3743523, 48.8434897], [2.3743686, 48.8434808], [2.3743623, 48.8434758]]]}, "properties": {"kind": "column", "level": 0.0}}, {"type": "Feature", "geometry": {"type": "Polygon", "coordinates": [[[2.3753834, 48.8430163], [2.3753707, 48.843023], [2.375377, 48.8430281], [2.3753896, 48.8430214], [2.3753834, 48.8430163]]]}, "properties": {"kind": "column", "level": 0.0}}, {"type": "Feature", "geometry": {"type": "Polygon", "coordinates": [[[2.3743101, 48.8435967], [2.374297, 48.8436031], [2.3743029, 48.8436084], [2.3743159, 48.843602], [2.3743101, 48.8435967]]]}, "properties": {"kind": "column", "level": 0.0}}, {"type": "Feature", "geometry": {"type": "Polygon", "coordinates": [[[2.3738856, 48.8437344], [2.3738694, 48.8437434], [2.3738756, 48.8437483], [2.3738919, 48.8437394], [2.3738856, 48.8437344]]]}, "properties": {"kind": "column", "level": 0.0}}, {"type": "Feature", "geometry": {"type": "Polygon", "coordinates": [[[2.3746221, 48.8435329], [2.3746094, 48.8435396], [2.3746157, 48.8435447], [2.3746283, 48.843538], [2.3746221, 48.8435329]]]}, "properties": {"kind": "column", "level": 0.0}}, {"type": "Feature", "geometry": {"type": "Polygon", "coordinates": [[[2.3753297, 48.8431349], [2.375317, 48.8431417], [2.3753233, 48.8431468], [2.3753359, 48.84314], [2.3753297, 48.8431349]]]}, "properties": {"kind": "column", "level": 0.0}}, {"type": "Feature", "geometry": {"type": "Polygon", "coordinates": [[[2.3730175, 48.8441786], [2.3730048, 48.8441854], [2.3730111, 48.8441904], [2.3730237, 48.8441837], [2.3730175, 48.8441786]]]}, "properties": {"kind": "column", "level": 0.0}}, {"type": "Feature", "geometry": {"type": "Polygon", "coordinates": [[[2.3744307, 48.8435308], [2.3744145, 48.8435398], [2.3744207, 48.8435447], [2.374437, 48.8435358], [2.3744307, 48.8435308]]]}, "properties": {"kind": "column", "level": 0.0}}, {"type": "Feature", "geometry": {"type": "Polygon", "coordinates": [[[2.3745759, 48.843496], [2.3745637, 48.8435026], [2.3745716, 48.8435089], [2.3745838, 48.8435023], [2.3745759, 48.843496]]]}, "properties": {"kind": "column", "level": -2.0}}, {"type": "Feature", "geometry": {"type": "Polygon", "coordinates": [[[2.3745759, 48.843496], [2.3745637, 48.8435026], [2.3745716, 48.8435089], [2.3745838, 48.8435023], [2.3745759, 48.843496]]]}, "properties": {"kind": "column", "level": -1.0}}, {"type": "Feature", "geometry": {"type": "Polygon", "coordinates": [[[2.3745759, 48.843496], [2.3745637, 48.8435026], [2.3745716, 48.8435089], [2.3745838, 48.8435023], [2.3745759, 48.843496]]]}, "properties": {"kind": "column", "level": 0.0}}, {"type": "Feature", "geometry": {"type": "Polygon", "coordinates": [[[2.3742591, 48.8437131], [2.3742429, 48.8437221], [2.3742491, 48.843727], [2.3742654, 48.8437181], [2.3742591, 48.8437131]]]}, "properties": {"kind": "column", "level": 0.0}}, {"type": "Feature", "geometry": {"type": "Polygon", "coordinates": [[[2.3747901, 48.8431895], [2.3747774, 48.8431963], [2.3747802, 48.8431986], [2.3747837, 48.8432014], [2.3747964, 48.8431946], [2.3747928, 48.8431917], [2.3747901, 48.8431895]]]}, "properties": {"kind": "column", "level": -2.0}}, {"type": "Feature", "geometry": {"type": "Polygon", "coordinates": [[[2.3747901, 48.8431895], [2.3747774, 48.8431963], [2.3747802, 48.8431986], [2.3747837, 48.8432014], [2.3747964, 48.8431946], [2.3747928, 48.8431917], [2.3747901, 48.8431895]]]}, "properties": {"kind": "column", "level": -1.0}}, {"type": "Feature", "geometry": {"type": "Polygon", "coordinates": [[[2.3747901, 48.8431895], [2.3747774, 48.8431963], [2.3747802, 48.8431986], [2.3747837, 48.8432014], [2.3747964, 48.8431946], [2.3747928, 48.8431917], [2.3747901, 48.8431895]]]}, "properties": {"kind": "column", "level": 0.0}}, {"type": "Feature", "geometry": {"type": "Polygon", "coordinates": [[[2.3740849, 48.8435742], [2.3740687, 48.8435832], [2.3740749, 48.8435881], [2.3740912, 48.8435792], [2.3740849, 48.8435742]]]}, "properties": {"kind": "column", "level": 0.0}}, {"type": "Feature", "geometry": {"type": "Polygon", "coordinates": [[[2.3736467, 48.8438629], [2.3736305, 48.8438719], [2.3736367, 48.8438768], [2.373653, 48.8438679], [2.3736467, 48.8438629]]]}, "properties": {"kind": "column", "level": 0.0}}, {"type": "Feature", "geometry": {"type": "Polygon", "coordinates": [[[2.373526, 48.8439286], [2.3735129, 48.8439349], [2.3735188, 48.8439402], [2.3735319, 48.8439339], [2.373526, 48.8439286]]]}, "properties": {"kind": "column", "level": 0.0}}, {"type": "Feature", "geometry": {"type": "Polygon", "coordinates": [[[2.3736072, 48.8438317], [2.373591, 48.8438407], [2.3735972, 48.8438456], [2.3736135, 48.8438367], [2.3736072, 48.8438317]]]}, "properties": {"kind": "column", "level": 0.0}}, {"type": "Feature", "geometry": {"type": "Polygon", "coordinates": [[[2.3754514, 48.8430696], [2.3754387, 48.8430764], [2.375445, 48.8430815], [2.3754577, 48.8430747], [2.3754514, 48.8430696]]]}, "properties": {"kind": "column", "level": 0.0}}, {"type": "Feature", "geometry": {"type": "Polygon", "coordinates": [[[2.3729768, 48.8441466], [2.3729642, 48.8441534], [2.3729705, 48.8441584], [2.3729831, 48.8441517], [2.3729768, 48.8441466]]]}, "properties": {"kind": "column", "level": 0.0}}, {"type": "Feature", "geometry": {"type": "Polygon", "coordinates": [[[2.3740024, 48.8436712], [2.3739901, 48.8436781], [2.3739967, 48.8436832], [2.3740091, 48.8436764], [2.3740024, 48.8436712]]]}, "properties": {"kind": "column", "level": 0.0}}, {"type": "Feature", "geometry": {"type": "Polygon", "coordinates": [[[2.375038, 48.8430591], [2.3750243, 48.8430667], [2.3750308, 48.8430718], [2.3750445, 48.8430641], [2.375038, 48.8430591]]]}, "properties": {"kind": "column", "level": 0.0}}, {"type": "Feature", "geometry": {"type": "Polygon", "coordinates": [[[2.3752125, 48.8431983], [2.3751999, 48.8432051], [2.3752061, 48.8432102], [2.3752188, 48.8432034], [2.3752125, 48.8431983]]]}, "properties": {"kind": "column", "level": 0.0}}, {"type": "Feature", "geometry": {"type": "Polygon", "coordinates": [[[2.3743231, 48.8434444], [2.3743069, 48.8434534], [2.3743131, 48.8434583], [2.3743294, 48.8434494], [2.3743231, 48.8434444]]]}, "properties": {"kind": "column", "level": 0.0}}, {"type": "Feature", "geometry": {"type": "Polygon", "coordinates": [[[2.3734862, 48.8438971], [2.3734731, 48.8439035], [2.373479, 48.8439088], [2.3734921, 48.8439024], [2.3734862, 48.8438971]]]}, "properties": {"kind": "column", "level": 0.0}}, {"type": "Feature", "geometry": {"type": "Polygon", "coordinates": [[[2.374838, 48.8432197], [2.3748253, 48.8432264], [2.3748316, 48.8432315], [2.3748442, 48.8432248], [2.374838, 48.8432197]]]}, "properties": {"kind": "column", "level": 0.0}}, {"type": "Feature", "geometry": {"type": "Polygon", "coordinates": [[[2.3741241, 48.8436057], [2.3741079, 48.8436147], [2.3741141, 48.8436196], [2.3741304, 48.8436107], [2.3741241, 48.8436057]]]}, "properties": {"kind": "column", "level": 0.0}}, {"type": "Feature", "geometry": {"type": "Polygon", "coordinates": [[[2.3752521, 48.84323], [2.3752394, 48.8432368], [2.3752457, 48.8432419], [2.3752584, 48.8432351], [2.3752521, 48.84323]]]}, "properties": {"kind": "column", "level": 0.0}}, {"type": "Feature", "geometry": {"type": "Polygon", "coordinates": [[[2.373846, 48.8437032], [2.3738298, 48.8437122], [2.373836, 48.8437171], [2.3738523, 48.8437082], [2.373846, 48.8437032]]]}, "properties": {"kind": "column", "level": 0.0}}, {"type": "Feature", "geometry": {"type": "Polygon", "coordinates": [[[2.374299, 48.8437447], [2.3742828, 48.8437537], [2.374289, 48.8437586], [2.3743053, 48.8437497], [2.374299, 48.8437447]]]}, "properties": {"kind": "column", "level": 0.0}}, {"type": "Feature", "geometry": {"type": "Polygon", "coordinates": [[[2.3734069, 48.8439927], [2.3733938, 48.843999], [2.3733996, 48.8440043], [2.3734127, 48.843998], [2.3734069, 48.8439927]]]}, "properties": {"kind": "column", "level": 0.0}}, {"type": "Feature", "geometry": {"type": "Polygon", "coordinates": [[[2.3753685, 48.8431666], [2.3753559, 48.8431733], [2.3753621, 48.8431784], [2.3753748, 48.8431717], [2.3753685, 48.8431666]]]}, "properties": {"kind": "column", "level": 0.0}}, {"type": "Feature", "geometry": {"type": "Polygon", "coordinates": [[[2.3741918, 48.8436593], [2.3741756, 48.8436683], [2.3741818, 48.8436732], [2.3741981, 48.8436643], [2.3741918, 48.8436593]]]}, "properties": {"kind": "column", "level": 0.0}}, {"type": "Feature", "geometry": {"type": "Polygon", "coordinates": [[[2.3733669, 48.8439617], [2.3733539, 48.8439681], [2.3733597, 48.8439733], [2.3733728, 48.843967], [2.3733669, 48.8439617]]]}, "properties": {"kind": "column", "level": 0.0}}, {"type": "Feature", "geometry": {"type": "Polygon", "coordinates": [[[2.3739629, 48.8436401], [2.3739506, 48.8436469], [2.3739572, 48.8436521], [2.3739696, 48.8436452], [2.3739629, 48.8436401]]]}, "properties": {"kind": "column", "level": 0.0}}, {"type": "Feature", "geometry": {"type": "Polygon", "coordinates": [[[2.3750132, 48.8433587], [2.3750006, 48.8433655], [2.3750068, 48.8433706], [2.3750195, 48.8433638], [2.3750132, 48.8433587]]]}, "properties": {"kind": "column", "level": 0.0}}, {"type": "Feature", "geometry": {"type": "Polygon", "coordinates": [[[2.3747892, 48.8433373], [2.374773, 48.8433462], [2.3747792, 48.8433512], [2.3747955, 48.8433422], [2.3747892, 48.8433373]]]}, "properties": {"kind": "column", "level": 0.0}}, {"type": "Feature", "geometry": {"type": "Polygon", "coordinates": [[[2.3749293, 48.8432986], [2.3749164, 48.8433056], [2.3749176, 48.8433066], [2.3749226, 48.8433106], [2.3749355, 48.8433036], [2.3749323, 48.843301], [2.3749293, 48.8432986]]]}, "properties": {"kind": "column", "level": -2.0}}, {"type": "Feature", "geometry": {"type": "Polygon", "coordinates": [[[2.3749293, 48.8432986], [2.3749164, 48.8433056], [2.3749176, 48.8433066], [2.3749226, 48.8433106], [2.3749355, 48.8433036], [2.3749323, 48.843301], [2.3749293, 48.8432986]]]}, "properties": {"kind": "column", "level": -1.0}}, {"type": "Feature", "geometry": {"type": "Polygon", "coordinates": [[[2.3749293, 48.8432986], [2.3749164, 48.8433056], [2.3749176, 48.8433066], [2.3749226, 48.8433106], [2.3749355, 48.8433036], [2.3749323, 48.843301], [2.3749293, 48.8432986]]]}, "properties": {"kind": "column", "level": 0.0}}, {"type": "Feature", "geometry": {"type": "Polygon", "coordinates": [[[2.3748558, 48.8433919], [2.3748404, 48.8434002], [2.3748465, 48.8434051], [2.374862, 48.8433968], [2.3748558, 48.8433919]]]}, "properties": {"kind": "column", "level": 0.0}}, {"type": "Feature", "geometry": {"type": "LineString", "coordinates": [[2.3752942, 48.8428559], [2.3752051, 48.842905], [2.375176, 48.8429214], [2.3750848, 48.842973]]}, "properties": {"kind": "wall", "level": -2.0}}, {"type": "Feature", "geometry": {"type": "Polygon", "coordinates": [[[2.3760082, 48.8441093], [2.3760146, 48.8441058], [2.3760086, 48.844101], [2.3760022, 48.8441044], [2.3760082, 48.8441093]]]}, "properties": {"kind": "column", "level": 1.0}}, {"type": "Feature", "geometry": {"type": "LineString", "coordinates": [[2.3757144, 48.8441098], [2.3756775, 48.8441305]]}, "properties": {"kind": "wall", "level": 1.0}}, {"type": "Feature", "geometry": {"type": "LineString", "coordinates": [[2.3757665, 48.8440806], [2.3757497, 48.8440899], [2.3757294, 48.8441011]]}, "properties": {"kind": "wall", "level": 1.0}}, {"type": "Feature", "geometry": {"type": "LineString", "coordinates": [[2.3758717, 48.8440225], [2.3758348, 48.8440435]]}, "properties": {"kind": "wall", "level": 1.0}}, {"type": "Feature", "geometry": {"type": "LineString", "coordinates": [[2.3758194, 48.8440516], [2.3758051, 48.8440596], [2.375782, 48.8440723]]}, "properties": {"kind": "wall", "level": 1.0}}, {"type": "Feature", "geometry": {"type": "Polygon", "coordinates": [[[2.3752647, 48.8438403], [2.3752856, 48.8438566], [2.3753104, 48.8438429], [2.3752895, 48.8438266], [2.3752647, 48.8438403]]]}, "properties": {"kind": "column", "level": 0.0}}, {"type": "Feature", "geometry": {"type": "Polygon", "coordinates": [[[2.3735023, 48.8442541], [2.3734957, 48.844249], [2.3735143, 48.8442386], [2.3735209, 48.8442438], [2.3735023, 48.8442541]]]}, "properties": {"kind": "column", "level": 0.0}}, {"type": "Feature", "geometry": {"type": "LineString", "coordinates": [[2.3733032, 48.8446763], [2.373312, 48.8446828], [2.3733205, 48.8446891]]}, "properties": {"kind": "wall", "level": 0.0}}, {"type": "Feature", "geometry": {"type": "Polygon", "coordinates": [[[2.3741414, 48.8451071], [2.3741452, 48.8451101], [2.3741497, 48.8451076], [2.3741458, 48.8451047], [2.3741414, 48.8451071]]]}, "properties": {"kind": "column", "level": 1.0}}, {"type": "Feature", "geometry": {"type": "Polygon", "coordinates": [[[2.3741847, 48.8451428], [2.3741915, 48.8451391], [2.3741844, 48.8451336], [2.3741777, 48.8451373], [2.3741847, 48.8451428]]]}, "properties": {"kind": "column", "level": 1.0}}, {"type": "Feature", "geometry": {"type": "Polygon", "coordinates": [[[2.3750188, 48.8428325], [2.3750174, 48.8428315], [2.3750168, 48.8428303], [2.3750169, 48.842829], [2.3750178, 48.8428279], [2.3750194, 48.8428271], [2.3750213, 48.8428268], [2.3750233, 48.842827], [2.3750249, 48.8428277], [2.3750259, 48.8428288], [2.3750262, 48.8428301], [2.3750257, 48.8428314], [2.3750244, 48.8428324], [2.3750226, 48.8428329], [2.3750206, 48.842833], [2.3750188, 48.8428325]]]}, "properties": {"kind": "column", "level": -2.0}}, {"type": "Feature", "geometry": {"type": "Polygon", "coordinates": [[[2.3750898, 48.842793], [2.3750884, 48.8427921], [2.3750878, 48.8427909], [2.3750879, 48.8427896], [2.3750888, 48.8427884], [2.3750904, 48.8427876], [2.3750923, 48.8427873], [2.3750943, 48.8427876], [2.3750959, 48.8427883], [2.3750969, 48.8427894], [2.3750972, 48.8427907], [2.3750966, 48.8427919], [2.3750954, 48.8427929], [2.3750936, 48.8427935], [2.3750916, 48.8427935], [2.3750898, 48.842793]]]}, "properties": {"kind": "column", "level": -2.0}}, {"type": "Feature", "geometry": {"type": "Polygon", "coordinates": [[[2.3750352, 48.84275], [2.3750339, 48.842749], [2.3750332, 48.8427478], [2.3750333, 48.8427465], [2.3750343, 48.8427454], [2.3750358, 48.8427446], [2.3750377, 48.8427443], [2.3750397, 48.8427445], [2.3750413, 48.8427452], [2.3750424, 48.8427463], [2.3750426, 48.8427476], [2.3750421, 48.8427488], [2.3750408, 48.8427498], [2.375039, 48.8427504], [2.3750371, 48.8427504], [2.3750352, 48.84275]]]}, "properties": {"kind": "column", "level": -2.0}}, {"type": "Feature", "geometry": {"type": "Polygon", "coordinates": [[[2.3749638, 48.8427897], [2.3749625, 48.8427887], [2.3749618, 48.8427875], [2.3749619, 48.8427862], [2.3749629, 48.8427851], [2.3749644, 48.8427843], [2.3749663, 48.842784], [2.3749683, 48.8427842], [2.3749699, 48.8427849], [2.3749709, 48.842786], [2.3749712, 48.8427873], [2.3749707, 48.8427886], [2.3749694, 48.8427896], [2.3749676, 48.8427901], [2.3749656, 48.8427902], [2.3749638, 48.8427897]]]}, "properties": {"kind": "column", "level": -2.0}}, {"type": "Feature", "geometry": {"type": "Polygon", "coordinates": [[[2.3748922, 48.8428293], [2.3748909, 48.8428284], [2.3748902, 48.8428272], [2.3748903, 48.8428259], [2.3748913, 48.8428247], [2.3748928, 48.8428239], [2.3748947, 48.8428236], [2.3748967, 48.8428239], [2.3748983, 48.8428246], [2.3748994, 48.8428257], [2.3748996, 48.842827], [2.3748991, 48.8428282], [2.3748978, 48.8428292], [2.374896, 48.8428298], [2.3748941, 48.8428298], [2.3748922, 48.8428293]]]}, "properties": {"kind": "column", "level": -2.0}}, {"type": "Feature", "geometry": {"type": "Polygon", "coordinates": [[[2.3749473, 48.8428723], [2.3749459, 48.8428714], [2.3749453, 48.8428702], [2.3749454, 48.8428689], [2.3749463, 48.8428677], [2.3749479, 48.8428669], [2.3749498, 48.8428666], [2.3749518, 48.8428668], [2.3749534, 48.8428676], [2.3749544, 48.8428687], [2.3749547, 48.84287], [2.3749542, 48.8428712], [2.3749529, 48.8428722], [2.3749511, 48.8428728], [2.3749491, 48.8428728], [2.3749473, 48.8428723]]]}, "properties": {"kind": "column", "level": -2.0}}, {"type": "Feature", "geometry": {"type": "Polygon", "coordinates": [[[2.3748894, 48.8429044], [2.374888, 48.8429034], [2.3748873, 48.8429022], [2.3748875, 48.8429009], [2.3748884, 48.8428998], [2.37489, 48.842899], [2.3748919, 48.8428987], [2.3748938, 48.8428989], [2.3748955, 48.8428996], [2.3748965, 48.8429007], [2.3748968, 48.842902], [2.3748962, 48.8429032], [2.374895, 48.8429042], [2.3748932, 48.8429048], [2.3748912, 48.8429049], [2.3748894, 48.8429044]]]}, "properties": {"kind": "column", "level": -2.0}}, {"type": "Feature", "geometry": {"type": "Polygon", "coordinates": [[[2.3748346, 48.8428612], [2.3748332, 48.8428603], [2.3748325, 48.8428591], [2.3748327, 48.8428578], [2.3748336, 48.8428566], [2.3748352, 48.8428558], [2.3748371, 48.8428555], [2.374839, 48.8428557], [2.3748407, 48.8428565], [2.3748417, 48.8428576], [2.374842, 48.8428589], [2.3748414, 48.8428601], [2.3748401, 48.8428611], [2.3748384, 48.8428617], [2.3748364, 48.8428617], [2.3748346, 48.8428612]]]}, "properties": {"kind": "column", "level": -2.0}}, {"type": "Feature", "geometry": {"type": "Polygon", "coordinates": [[[2.3748603, 48.8431054], [2.374853, 48.8430997], [2.3748696, 48.8430908], [2.3748768, 48.8430964], [2.3748603, 48.8431054]]]}, "properties": {"kind": "column", "level": -2.0}}, {"type": "Feature", "geometry": {"type": "Polygon", "coordinates": [[[2.3748179, 48.8429436], [2.3748165, 48.8429426], [2.3748159, 48.8429414], [2.374816, 48.8429401], [2.3748169, 48.842939], [2.3748185, 48.8429382], [2.3748204, 48.8429379], [2.3748223, 48.8429381], [2.374824, 48.8429388], [2.374825, 48.8429399], [2.3748253, 48.8429412], [2.3748247, 48.8429425], [2.3748235, 48.8429435], [2.3748217, 48.842944], [2.3748197, 48.8429441], [2.3748179, 48.8429436]]]}, "properties": {"kind": "column", "level": -2.0}}, {"type": "Feature", "geometry": {"type": "Polygon", "coordinates": [[[2.3747634, 48.8429009], [2.374762, 48.8429], [2.3747614, 48.8428988], [2.3747615, 48.8428975], [2.3747624, 48.8428963], [2.374764, 48.8428955], [2.3747659, 48.8428952], [2.3747679, 48.8428955], [2.3747695, 48.8428962], [2.3747705, 48.8428973], [2.3747708, 48.8428986], [2.3747703, 48.8428998], [2.374769, 48.8429008], [2.3747672, 48.8429014], [2.3747652, 48.8429014], [2.3747634, 48.8429009]]]}, "properties": {"kind": "column", "level": -2.0}}, {"type": "Feature", "geometry": {"type": "Polygon", "coordinates": [[[2.3730916, 48.8439901], [2.3730887, 48.8439918], [2.3730733, 48.8439796], [2.3730762, 48.843978], [2.3730751, 48.8439773], [2.3730734, 48.8439768], [2.3730711, 48.8439765], [2.373069, 48.8439768], [2.3730672, 48.8439774], [2.3730664, 48.8439779], [2.3730675, 48.8439788], [2.3730623, 48.8439816], [2.3730611, 48.8439806], [2.3730595, 48.8439821], [2.3730585, 48.8439834], [2.3730587, 48.8439844], [2.3730591, 48.8439857], [2.3730604, 48.843987], [2.3730631, 48.8439855], [2.373079, 48.8439978], [2.3730763, 48.8439993], [2.3730777, 48.8440002], [2.3730797, 48.8440004], [2.3730825, 48.8440007], [2.3730834, 48.8440006], [2.3730933, 48.8439949], [2.3730936, 48.8439942], [2.3730938, 48.8439929], [2.3730933, 48.8439917], [2.3730927, 48.8439907], [2.3730916, 48.8439901]]]}, "properties": {"kind": "column", "level": -2.0}}, {"type": "Feature", "geometry": {"type": "Polygon", "coordinates": [[[2.3731151, 48.8439568], [2.3731181, 48.8439552], [2.3731333, 48.8439674], [2.3731304, 48.843969], [2.3731314, 48.8439698], [2.3731331, 48.8439702], [2.3731355, 48.8439705], [2.3731376, 48.8439703], [2.3731393, 48.8439697], [2.3731402, 48.8439692], [2.3731391, 48.8439683], [2.3731443, 48.8439655], [2.3731455, 48.8439665], [2.3731472, 48.843965], [2.3731481, 48.8439637], [2.373148, 48.8439627], [2.3731476, 48.8439614], [2.3731462, 48.8439601], [2.3731436, 48.8439616], [2.3731278, 48.8439492], [2.3731305, 48.8439477], [2.3731291, 48.8439468], [2.3731272, 48.8439466], [2.3731244, 48.8439463], [2.3731234, 48.8439464], [2.3731135, 48.843952], [2.3731131, 48.8439527], [2.373113, 48.8439541], [2.3731134, 48.8439553], [2.3731141, 48.8439562], [2.3731151, 48.8439568]]]}, "properties": {"kind": "column", "level": -2.0}}, {"type": "Feature", "geometry": {"type": "Polygon", "coordinates": [[[2.3729861, 48.8438869], [2.3729847, 48.843886], [2.3729841, 48.8438848], [2.3729842, 48.8438835], [2.3729851, 48.8438823], [2.3729867, 48.8438815], [2.3729886, 48.8438812], [2.3729906, 48.8438814], [2.3729922, 48.8438822], [2.3729932, 48.8438833], [2.3729935, 48.8438846], [2.372993, 48.8438858], [2.3729917, 48.8438868], [2.3729899, 48.8438874], [2.3729879, 48.8438874], [2.3729861, 48.8438869]]]}, "properties": {"kind": "column", "level": -2.0}}, {"type": "Feature", "geometry": {"type": "Polygon", "coordinates": [[[2.3730599, 48.8439408], [2.3730585, 48.8439398], [2.3730578, 48.8439386], [2.373058, 48.8439373], [2.3730589, 48.8439362], [2.3730605, 48.8439354], [2.3730624, 48.8439351], [2.3730643, 48.8439353], [2.373066, 48.843936], [2.373067, 48.8439371], [2.3730673, 48.8439384], [2.3730667, 48.8439397], [2.3730654, 48.8439406], [2.3730637, 48.8439412], [2.3730617, 48.8439413], [2.3730599, 48.8439408]]]}, "properties": {"kind": "column", "level": -2.0}}, {"type": "Feature", "geometry": {"type": "Polygon", "coordinates": [[[2.373041, 48.8439299], [2.3730396, 48.843929], [2.373039, 48.8439277], [2.3730391, 48.8439264], [2.37304, 48.8439253], [2.3730416, 48.8439245], [2.3730435, 48.8439242], [2.3730455, 48.8439244], [2.3730471, 48.8439251], [2.3730481, 48.8439262], [2.3730484, 48.8439275], [2.3730479, 48.8439288], [2.3730466, 48.8439298], [2.3730448, 48.8439303], [2.3730428, 48.8439304], [2.373041, 48.8439299]]]}, "properties": {"kind": "column", "level": -2.0}}, {"type": "Feature", "geometry": {"type": "Polygon", "coordinates": [[[2.3729711, 48.8439692], [2.3729697, 48.8439683], [2.3729691, 48.8439671], [2.3729692, 48.8439658], [2.3729701, 48.8439646], [2.3729717, 48.8439638], [2.3729736, 48.8439635], [2.3729756, 48.8439637], [2.3729772, 48.8439645], [2.3729782, 48.8439656], [2.3729785, 48.8439669], [2.372978, 48.8439681], [2.3729767, 48.8439691], [2.3729749, 48.8439697], [2.3729729, 48.8439697], [2.3729711, 48.8439692]]]}, "properties": {"kind": "column", "level": -2.0}}, {"type": "Feature", "geometry": {"type": "Polygon", "coordinates": [[[2.3729021, 48.8440087], [2.3729008, 48.8440077], [2.3729001, 48.8440065], [2.3729002, 48.8440052], [2.3729012, 48.8440041], [2.3729027, 48.8440033], [2.3729046, 48.844003], [2.3729066, 48.8440032], [2.3729082, 48.8440039], [2.3729093, 48.844005], [2.3729095, 48.8440063], [2.372909, 48.8440076], [2.3729077, 48.8440085], [2.3729059, 48.8440091], [2.372904, 48.8440092], [2.3729021, 48.8440087]]]}, "properties": {"kind": "column", "level": -2.0}}, {"type": "Feature", "geometry": {"type": "Polygon", "coordinates": [[[2.372833, 48.8440483], [2.3728316, 48.8440474], [2.3728309, 48.8440462], [2.3728311, 48.8440449], [2.372832, 48.8440437], [2.3728336, 48.8440429], [2.3728355, 48.8440426], [2.3728374, 48.8440428], [2.3728391, 48.8440436], [2.3728401, 48.8440447], [2.3728404, 48.844046], [2.3728398, 48.8440472], [2.3728385, 48.8440482], [2.3728368, 48.8440488], [2.3728348, 48.8440488], [2.372833, 48.8440483]]]}, "properties": {"kind": "column", "level": -2.0}}, {"type": "Feature", "geometry": {"type": "Polygon", "coordinates": [[[2.3727642, 48.8440887], [2.3727629, 48.8440877], [2.3727622, 48.8440865], [2.3727623, 48.8440852], [2.3727633, 48.8440841], [2.3727648, 48.8440833], [2.3727667, 48.8440829], [2.3727687, 48.8440832], [2.3727703, 48.8440839], [2.3727714, 48.844085], [2.3727716, 48.8440863], [2.3727711, 48.8440875], [2.3727698, 48.8440885], [2.372768, 48.8440891], [2.3727661, 48.8440891], [2.3727642, 48.8440887]]]}, "properties": {"kind": "column", "level": -2.0}}, {"type": "Feature", "geometry": {"type": "Polygon", "coordinates": [[[2.3726393, 48.8440882], [2.3726379, 48.8440872], [2.3726372, 48.844086], [2.3726374, 48.8440847], [2.3726383, 48.8440836], [2.3726399, 48.8440828], [2.3726418, 48.8440824], [2.3726437, 48.8440827], [2.3726454, 48.8440834], [2.3726464, 48.8440845], [2.3726467, 48.8440858], [2.3726461, 48.844087], [2.3726448, 48.844088], [2.3726431, 48.8440886], [2.3726411, 48.8440886], [2.3726393, 48.8440882]]]}, "properties": {"kind": "column", "level": -2.0}}, {"type": "Feature", "geometry": {"type": "Polygon", "coordinates": [[[2.3726966, 48.8441293], [2.3726952, 48.8441283], [2.3726946, 48.8441271], [2.3726947, 48.8441258], [2.3726956, 48.8441247], [2.3726972, 48.8441239], [2.3726991, 48.8441235], [2.3727011, 48.8441238], [2.3727027, 48.8441245], [2.3727037, 48.8441256], [2.372704, 48.8441269], [2.3727034, 48.8441281], [2.3727022, 48.8441291], [2.3727004, 48.8441297], [2.3726984, 48.8441297], [2.3726966, 48.8441293]]]}, "properties": {"kind": "column", "level": -2.0}}, {"type": "Feature", "geometry": {"type": "Polygon", "coordinates": [[[2.3725717, 48.8441299], [2.3725703, 48.8441289], [2.3725697, 48.8441277], [2.3725698, 48.8441264], [2.3725707, 48.8441253], [2.3725723, 48.8441245], [2.3725742, 48.8441242], [2.3725762, 48.8441244], [2.3725778, 48.8441251], [2.3725788, 48.8441262], [2.3725791, 48.8441275], [2.3725786, 48.8441287], [2.3725773, 48.8441297], [2.3725755, 48.8441303], [2.3725735, 48.8441303], [2.3725717, 48.8441299]]]}, "properties": {"kind": "column", "level": -2.0}}, {"type": "Feature", "geometry": {"type": "Polygon", "coordinates": [[[2.3726785, 48.8441638], [2.3726771, 48.8441629], [2.3726765, 48.8441617], [2.3726766, 48.8441604], [2.3726775, 48.8441592], [2.3726791, 48.8441584], [2.372681, 48.8441581], [2.3726829, 48.8441584], [2.3726846, 48.8441591], [2.3726856, 48.8441602], [2.3726859, 48.8441615], [2.3726853, 48.8441627], [2.3726841, 48.8441637], [2.3726823, 48.8441643], [2.3726803, 48.8441643], [2.3726785, 48.8441638]]]}, "properties": {"kind": "column", "level": -2.0}}, {"type": "Feature", "geometry": {"type": "Polygon", "coordinates": [[[2.3726296, 48.8441703], [2.3726283, 48.8441694], [2.3726276, 48.8441681], [2.3726277, 48.8441668], [2.3726287, 48.8441657], [2.3726302, 48.8441649], [2.3726321, 48.8441646], [2.3726341, 48.8441648], [2.3726357, 48.8441655], [2.3726368, 48.8441666], [2.372637, 48.8441679], [2.3726365, 48.8441692], [2.3726352, 48.8441702], [2.3726334, 48.8441707], [2.3726315, 48.8441708], [2.3726296, 48.8441703]]]}, "properties": {"kind": "column", "level": -2.0}}, {"type": "Feature", "geometry": {"type": "Polygon", "coordinates": [[[2.3725047, 48.8441719], [2.3725034, 48.844171], [2.3725027, 48.8441698], [2.3725028, 48.8441685], [2.3725038, 48.8441673], [2.3725053, 48.8441666], [2.3725072, 48.8441662], [2.3725092, 48.8441665], [2.3725108, 48.8441672], [2.3725119, 48.8441683], [2.3725121, 48.8441696], [2.3725116, 48.8441708], [2.3725103, 48.8441718], [2.3725085, 48.8441724], [2.3725066, 48.8441724], [2.3725047, 48.8441719]]]}, "properties": {"kind": "column", "level": -2.0}}, {"type": "Feature", "geometry": {"type": "Polygon", "coordinates": [[[2.3725638, 48.8442122], [2.3725624, 48.8442112], [2.3725618, 48.84421], [2.3725619, 48.8442087], [2.3725628, 48.8442076], [2.3725644, 48.8442068], [2.3725663, 48.8442064], [2.3725682, 48.8442067], [2.3725699, 48.8442074], [2.3725709, 48.8442085], [2.3725712, 48.8442098], [2.3725706, 48.844211], [2.3725694, 48.844212], [2.3725676, 48.8442126], [2.3725656, 48.8442126], [2.3725638, 48.8442122]]]}, "properties": {"kind": "column", "level": -2.0}}, {"type": "Feature", "geometry": {"type": "Polygon", "coordinates": [[[2.3730618, 48.8443918], [2.3730694, 48.8443976], [2.3730768, 48.8443934], [2.3730854, 48.8443886], [2.3730778, 48.8443828], [2.3730694, 48.8443875], [2.3730618, 48.8443918]]]}, "properties": {"kind": "column", "level": -2.0}}, {"type": "Feature", "geometry": {"type": "Polygon", "coordinates": [[[2.3749629, 48.8433422], [2.3749557, 48.8433365], [2.3749687, 48.8433293], [2.374976, 48.8433349], [2.3749629, 48.8433422]]]}, "properties": {"kind": "column", "level": -2.0}}, {"type": "Feature", "geometry": {"type": "Polygon", "coordinates": [[[2.3748515, 48.8433918], [2.3748321, 48.8434028], [2.3748358, 48.8434056], [2.3748415, 48.84341], [2.374861, 48.843399], [2.3748555, 48.8433948], [2.3748515, 48.8433918]]]}, "properties": {"kind": "column", "level": -2.0}}, {"type": "Feature", "geometry": {"type": "Polygon", "coordinates": [[[2.3747317, 48.843461], [2.3747184, 48.843468], [2.3747196, 48.8434689], [2.3747258, 48.8434738], [2.3747389, 48.8434666], [2.3747327, 48.8434617], [2.3747317, 48.843461]]]}, "properties": {"kind": "column", "level": -2.0}}, {"type": "Feature", "geometry": {"type": "Polygon", "coordinates": [[[2.3747317, 48.843461], [2.3747184, 48.843468], [2.3747196, 48.8434689], [2.3747258, 48.8434738], [2.3747389, 48.8434666], [2.3747327, 48.8434617], [2.3747317, 48.843461]]]}, "properties": {"kind": "column", "level": 0.0}}, {"type": "Feature", "geometry": {"type": "Polygon", "coordinates": [[[2.3737014, 48.8436259], [2.3737311, 48.8436435], [2.3737355, 48.8436437], [2.373744, 48.8436384], [2.3737453, 48.8436372], [2.3737455, 48.8436356], [2.3737445, 48.8436336], [2.373743, 48.8436323], [2.3737165, 48.8436166], [2.3737138, 48.843616], [2.3737112, 48.8436161], [2.3737084, 48.8436169], [2.3737012, 48.843621], [2.3736999, 48.8436228], [2.3736998, 48.8436239], [2.3737014, 48.8436259]]]}, "properties": {"kind": "column", "level": -2.0}}, {"type": "Feature", "geometry": {"type": "Polygon", "coordinates": [[[2.3736583, 48.8436499], [2.3736881, 48.8436675], [2.3736924, 48.8436677], [2.373701, 48.8436624], [2.3737023, 48.8436611], [2.3737024, 48.8436596], [2.3737014, 48.8436576], [2.3737, 48.8436563], [2.3736734, 48.8436406], [2.3736707, 48.8436399], [2.3736681, 48.8436401], [2.3736654, 48.8436408], [2.3736582, 48.843645], [2.3736568, 48.8436467], [2.3736567, 48.8436478], [2.3736583, 48.8436499]]]}, "properties": {"kind": "column", "level": -2.0}}, {"type": "Feature", "geometry": {"type": "Polygon", "coordinates": [[[2.3729598, 48.8443114], [2.3729525, 48.8443058], [2.3729682, 48.8442968], [2.3729755, 48.8443024], [2.3729598, 48.8443114]]]}, "properties": {"kind": "column", "level": -2.0}}, {"type": "Feature", "geometry": {"type": "Polygon", "coordinates": [[[2.3728499, 48.8442251], [2.3728426, 48.8442195], [2.3728583, 48.8442104], [2.3728656, 48.8442161], [2.3728499, 48.8442251]]]}, "properties": {"kind": "column", "level": -2.0}}, {"type": "Feature", "geometry": {"type": "Polygon", "coordinates": [[[2.3728904, 48.8442568], [2.3728832, 48.8442511], [2.3728989, 48.8442421], [2.3729062, 48.8442477], [2.3728904, 48.8442568]]]}, "properties": {"kind": "column", "level": -2.0}}, {"type": "Feature", "geometry": {"type": "Polygon", "coordinates": [[[2.3733152, 48.8441143], [2.373308, 48.8441087], [2.3733237, 48.8440997], [2.373331, 48.8441053], [2.3733152, 48.8441143]]]}, "properties": {"kind": "column", "level": -2.0}}, {"type": "Feature", "geometry": {"type": "Polygon", "coordinates": [[[2.372843, 48.8443763], [2.3728357, 48.8443706], [2.3728488, 48.8443633], [2.372856, 48.844369], [2.372843, 48.8443763]]]}, "properties": {"kind": "column", "level": -2.0}}, {"type": "Feature", "geometry": {"type": "Polygon", "coordinates": [[[2.3732674, 48.8442335], [2.3732602, 48.8442279], [2.3732732, 48.8442206], [2.3732805, 48.8442262], [2.3732674, 48.8442335]]]}, "properties": {"kind": "column", "level": -2.0}}, {"type": "Feature", "geometry": {"type": "Polygon", "coordinates": [[[2.3731984, 48.844179], [2.3731911, 48.8441734], [2.3732042, 48.8441661], [2.3732114, 48.8441717], [2.3731984, 48.844179]]]}, "properties": {"kind": "column", "level": -2.0}}, {"type": "Feature", "geometry": {"type": "Polygon", "coordinates": [[[2.3731276, 48.8441245], [2.3731204, 48.8441189], [2.3731334, 48.8441116], [2.3731407, 48.8441172], [2.3731276, 48.8441245]]]}, "properties": {"kind": "column", "level": -2.0}}, {"type": "Feature", "geometry": {"type": "Polygon", "coordinates": [[[2.373504, 48.8441021], [2.3734967, 48.8440965], [2.3735098, 48.8440892], [2.373517, 48.8440948], [2.373504, 48.8441021]]]}, "properties": {"kind": "column", "level": -2.0}}, {"type": "Feature", "geometry": {"type": "Polygon", "coordinates": [[[2.3733642, 48.8439928], [2.3733569, 48.8439871], [2.37337, 48.8439798], [2.3733772, 48.8439855], [2.3733642, 48.8439928]]]}, "properties": {"kind": "column", "level": -2.0}}, {"type": "Feature", "geometry": {"type": "Polygon", "coordinates": [[[2.3735538, 48.8439815], [2.3735465, 48.8439759], [2.3735596, 48.8439686], [2.3735668, 48.8439742], [2.3735538, 48.8439815]]]}, "properties": {"kind": "column", "level": -2.0}}, {"type": "Feature", "geometry": {"type": "Polygon", "coordinates": [[[2.3736803, 48.8437632], [2.3736731, 48.8437575], [2.3736861, 48.8437503], [2.3736934, 48.8437559], [2.3736803, 48.8437632]]]}, "properties": {"kind": "column", "level": -2.0}}, {"type": "Feature", "geometry": {"type": "Polygon", "coordinates": [[[2.3737201, 48.843795], [2.3737128, 48.8437894], [2.3737258, 48.8437821], [2.3737332, 48.8437878], [2.3737201, 48.843795]]]}, "properties": {"kind": "column", "level": -2.0}}, {"type": "Feature", "geometry": {"type": "Polygon", "coordinates": [[[2.373791, 48.8438499], [2.3737837, 48.8438443], [2.3737968, 48.843837], [2.373804, 48.8438426], [2.373791, 48.8438499]]]}, "properties": {"kind": "column", "level": -2.0}}, {"type": "Feature", "geometry": {"type": "Polygon", "coordinates": [[[2.3740166, 48.8438711], [2.3740094, 48.8438654], [2.3740251, 48.8438564], [2.3740324, 48.843862], [2.3740166, 48.8438711]]]}, "properties": {"kind": "column", "level": -2.0}}, {"type": "Feature", "geometry": {"type": "Polygon", "coordinates": [[[2.3738993, 48.8439366], [2.373892, 48.843931], [2.3739051, 48.8439237], [2.3739123, 48.8439293], [2.3738993, 48.8439366]]]}, "properties": {"kind": "column", "level": -2.0}}, {"type": "Feature", "geometry": {"type": "Polygon", "coordinates": [[[2.3739072, 48.8437858], [2.3738999, 48.8437802], [2.3739156, 48.8437711], [2.3739229, 48.8437768], [2.3739072, 48.8437858]]]}, "properties": {"kind": "column", "level": -2.0}}, {"type": "Feature", "geometry": {"type": "Polygon", "coordinates": [[[2.3739762, 48.8438396], [2.373969, 48.843834], [2.3739847, 48.843825], [2.373992, 48.8438306], [2.3739762, 48.8438396]]]}, "properties": {"kind": "column", "level": -2.0}}, {"type": "Feature", "geometry": {"type": "Polygon", "coordinates": [[[2.3737968, 48.8436986], [2.3737896, 48.843693], [2.3738053, 48.843684], [2.3738126, 48.8436896], [2.3737968, 48.8436986]]]}, "properties": {"kind": "column", "level": -2.0}}, {"type": "Feature", "geometry": {"type": "Polygon", "coordinates": [[[2.3738367, 48.8437303], [2.3738295, 48.8437247], [2.3738452, 48.8437156], [2.3738525, 48.8437213], [2.3738367, 48.8437303]]]}, "properties": {"kind": "column", "level": -2.0}}, {"type": "Feature", "geometry": {"type": "Polygon", "coordinates": [[[2.3741413, 48.8436512], [2.3741341, 48.8436456], [2.3741498, 48.8436365], [2.3741571, 48.8436422], [2.3741413, 48.8436512]]]}, "properties": {"kind": "column", "level": -2.0}}, {"type": "Feature", "geometry": {"type": "Polygon", "coordinates": [[[2.3740279, 48.8437189], [2.3740206, 48.8437133], [2.3740336, 48.843706], [2.3740409, 48.8437117], [2.3740279, 48.8437189]]]}, "properties": {"kind": "column", "level": -2.0}}, {"type": "Feature", "geometry": {"type": "Polygon", "coordinates": [[[2.3741507, 48.8434985], [2.3741435, 48.8434929], [2.3741565, 48.8434856], [2.3741638, 48.8434912], [2.3741507, 48.8434985]]]}, "properties": {"kind": "column", "level": -2.0}}, {"type": "Feature", "geometry": {"type": "Polygon", "coordinates": [[[2.3741916, 48.8435304], [2.3741844, 48.8435248], [2.3741974, 48.8435175], [2.3742047, 48.8435231], [2.3741916, 48.8435304]]]}, "properties": {"kind": "column", "level": -2.0}}, {"type": "Feature", "geometry": {"type": "Polygon", "coordinates": [[[2.3742612, 48.8435847], [2.3742539, 48.843579], [2.374267, 48.8435718], [2.3742743, 48.8435774], [2.3742612, 48.8435847]]]}, "properties": {"kind": "column", "level": -2.0}}, {"type": "Feature", "geometry": {"type": "Polygon", "coordinates": [[[2.3743296, 48.8436391], [2.3743223, 48.8436334], [2.3743354, 48.8436261], [2.3743426, 48.8436318], [2.3743296, 48.8436391]]]}, "properties": {"kind": "column", "level": -2.0}}, {"type": "Feature", "geometry": {"type": "Polygon", "coordinates": [[[2.3743779, 48.8435203], [2.3743706, 48.8435146], [2.3743863, 48.8435056], [2.3743936, 48.8435112], [2.3743779, 48.8435203]]]}, "properties": {"kind": "column", "level": -2.0}}, {"type": "Feature", "geometry": {"type": "Polygon", "coordinates": [[[2.3747435, 48.8431699], [2.3747362, 48.8431642], [2.3747493, 48.8431569], [2.3747565, 48.8431626], [2.3747435, 48.8431699]]]}, "properties": {"kind": "column", "level": -2.0}}, {"type": "Feature", "geometry": {"type": "Polygon", "coordinates": [[[2.3732034, 48.8441665], [2.3731908, 48.8441733], [2.373197, 48.8441783], [2.3732097, 48.8441716], [2.3732034, 48.8441665]]]}, "properties": {"kind": "column", "level": 0.0}}, {"type": "Feature", "geometry": {"type": "Polygon", "coordinates": [[[2.3730867, 48.844232], [2.3730741, 48.8442388], [2.3730804, 48.8442438], [2.373093, 48.8442371], [2.3730867, 48.844232]]]}, "properties": {"kind": "column", "level": 0.0}}, {"type": "Feature", "geometry": {"type": "LineString", "coordinates": [[2.3768132, 48.8445306], [2.3768766, 48.8444963]]}, "properties": {"kind": "wall", "level": 0.0}}, {"type": "Feature", "geometry": {"type": "LineString", "coordinates": [[2.3765742, 48.8445722], [2.3766275, 48.8445435]]}, "properties": {"kind": "wall", "level": 0.0}}, {"type": "Feature", "geometry": {"type": "LineString", "coordinates": [[2.3764142, 48.8446585], [2.3764675, 48.8446298]]}, "properties": {"kind": "wall", "level": 0.0}}]}